https://web.archive.org/web/*/http://hud.gov:80/budgetsummary2011/index.cfm,2010-03-08 00:00:00,2019-08-21 00:00:00
https://web.archive.org/web/*/http://hud.gov:80/data,2014-10-24 00:00:00,2019-08-21 00:00:00
https://web.archive.org/web/*/http://hud.gov:80/data.json,2014-05-05 00:00:00,2019-08-21 00:00:00
https://web.archive.org/web/*/http://hud.gov:80/fairhousing%22,2015-02-23 00:00:00,2019-08-21 00:00:00
https://web.archive.org/web/*/http://hud.gov:80/fathersday2011,2011-05-12 00:00:00,2019-08-21 00:00:00
https://web.archive.org/web/*/http://www.hud.gov.:80/,1997-06-01 00:00:00,2019-08-21 00:00:00
https://web.archive.org/web/*/http://www.hud.gov.:80/49mackte.html,1997-07-26 00:00:00,2019-08-21 00:00:00
https://web.archive.org/web/*/http://www.hud.gov.:80/admshell.html,1997-07-27 00:00:00,2019-08-21 00:00:00
https://web.archive.org/web/*/http://www.hud.gov.:80/aljshell.html,1997-07-27 00:00:00,2019-08-21 00:00:00
https://web.archive.org/web/*/http://www.hud.gov.:80/awardny.html,1997-07-27 00:00:00,2019-08-21 00:00:00
https://web.archive.org/web/*/http://www.hud.gov.:80/bcashell.html,1997-07-27 00:00:00,2019-08-21 00:00:00
https://web.archive.org/web/*/http://www.hud.gov.:80/broker1.html,1997-06-01 00:00:00,2019-08-21 00:00:00
https://web.archive.org/web/*/http://www.hud.gov.:80/bshelf4.html,1997-07-26 00:00:00,2019-08-21 00:00:00
https://web.archive.org/web/*/http://www.hud.gov.:80/bshelf5.html,1997-07-26 00:00:00,2019-08-21 00:00:00
https://web.archive.org/web/*/http://www.hud.gov.:80/buyhudhm.html,1997-07-26 00:00:00,2019-08-21 00:00:00
https://web.archive.org/web/*/http://www.hud.gov.:80/cfo/cfohome.html,1997-06-01 00:00:00,2019-08-21 00:00:00
https://web.archive.org/web/*/http://www.hud.gov.:80/cirshell.html,1997-07-27 00:00:00,2019-08-21 00:00:00
https://web.archive.org/web/*/http://www.hud.gov.:80/citizen.html,1997-07-26 00:00:00,2019-08-21 00:00:00
https://web.archive.org/web/*/http://www.hud.gov.:80/comdev.html,1997-07-26 00:00:00,2019-08-21 00:00:00
https://web.archive.org/web/*/http://www.hud.gov.:80/commut.html,1997-07-26 00:00:00,2019-08-21 00:00:00
https://web.archive.org/web/*/http://www.hud.gov.:80/consum.html,1997-06-01 00:00:00,2019-08-21 00:00:00
https://web.archive.org/web/*/http://www.hud.gov.:80/cpd/,1997-06-01 00:00:00,2019-08-21 00:00:00
https://web.archive.org/web/*/http://www.hud.gov.:80/cpd/c2020sft.html,1997-07-26 00:00:00,2019-08-21 00:00:00
https://web.archive.org/web/*/http://www.hud.gov.:80/cpd/cdbg.html,1997-07-26 00:00:00,2019-08-21 00:00:00
https://web.archive.org/web/*/http://www.hud.gov.:80/cpd/cdbgfct.html,1997-07-27 00:00:00,2019-08-21 00:00:00
https://web.archive.org/web/*/http://www.hud.gov.:80/cpd/conplan.html,1997-07-26 00:00:00,2019-08-21 00:00:00
https://web.archive.org/web/*/http://www.hud.gov.:80/cpd/cpdpr95a.html,1997-07-26 00:00:00,2019-08-21 00:00:00
https://web.archive.org/web/*/http://www.hud.gov.:80/cpd/ezec/,1997-07-26 00:00:00,2019-08-21 00:00:00
https://web.archive.org/web/*/http://www.hud.gov.:80/cpd/ezec/ezbyez.html,1997-07-26 00:00:00,2019-08-21 00:00:00
https://web.archive.org/web/*/http://www.hud.gov.:80/cpd/ezec/ezeclist.html,1997-07-27 00:00:00,2019-08-21 00:00:00
https://web.archive.org/web/*/http://www.hud.gov.:80/cpd/statefct.html,1997-06-01 00:00:00,2019-08-21 00:00:00
https://web.archive.org/web/*/http://www.hud.gov.:80/cpes/la/shrevela.html,1997-06-01 00:00:00,2019-08-21 00:00:00
https://web.archive.org/web/*/http://www.hud.gov.:80/cpes/mn/stpaulmn.html,1997-06-01 00:00:00,2019-08-21 00:00:00
https://web.archive.org/web/*/http://www.hud.gov.:80/cpes/pa/buckscpa.html,1997-06-01 00:00:00,2019-08-21 00:00:00
https://web.archive.org/web/*/http://www.hud.gov.:80/cts/ctshome.html,1997-06-01 00:00:00,2019-08-21 00:00:00
https://web.archive.org/web/*/http://www.hud.gov.:80/directory/contents.html,1997-06-01 00:00:00,2019-08-21 00:00:00
https://web.archive.org/web/*/http://www.hud.gov.:80/disabled.html,1997-06-01 00:00:00,2019-08-21 00:00:00
https://web.archive.org/web/*/http://www.hud.gov.:80/fairhsg1.html,1997-06-01 00:00:00,2019-08-21 00:00:00
https://web.archive.org/web/*/http://www.hud.gov.:80/fha/,1997-07-26 00:00:00,2019-08-21 00:00:00
https://web.archive.org/web/*/http://www.hud.gov.:80/fha/fhahome.html/,1997-06-01 00:00:00,2019-08-21 00:00:00
https://web.archive.org/web/*/http://www.hud.gov.:80/fha/fhains.html,1997-06-01 00:00:00,2019-08-21 00:00:00
https://web.archive.org/web/*/http://www.hud.gov.:80/fha/mfh/mfhSec8.html,1997-07-26 00:00:00,2019-08-21 00:00:00
https://web.archive.org/web/*/http://www.hud.gov.:80/fha/mletters/mltrmenu.html,1997-07-26 00:00:00,2019-08-21 00:00:00
https://web.archive.org/web/*/http://www.hud.gov.:80/fha/res/respa_hm.html,1997-06-01 00:00:00,2019-08-21 00:00:00
https://web.archive.org/web/*/http://www.hud.gov.:80/fha/sfh/mhs/mhscnsmr.html,1997-06-01 00:00:00,2019-08-21 00:00:00
https://web.archive.org/web/*/http://www.hud.gov.:80/fha/sfh/mhs/mhshome.html,1997-06-01 00:00:00,2019-08-21 00:00:00
https://web.archive.org/web/*/http://www.hud.gov.:80/fha/sfh/mhs/mhsmpsp.html,1997-07-27 00:00:00,2019-08-21 00:00:00
https://web.archive.org/web/*/http://www.hud.gov.:80/fha/sfh/mhs/mhssaa.html,1997-06-01 00:00:00,2019-08-21 00:00:00
https://web.archive.org/web/*/http://www.hud.gov.:80/fha/sfh/mhs/mhssht3.html,1997-07-27 00:00:00,2019-08-21 00:00:00
https://web.archive.org/web/*/http://www.hud.gov.:80/fha/sfh/sfhhomeb.html,1997-07-26 00:00:00,2019-08-21 00:00:00
https://web.archive.org/web/*/http://www.hud.gov.:80/fhe/fheact.html,1997-07-26 00:00:00,2019-08-21 00:00:00
https://web.archive.org/web/*/http://www.hud.gov.:80/fhe/fheo.html,1997-07-27 00:00:00,2019-08-21 00:00:00
https://web.archive.org/web/*/http://www.hud.gov.:80/fhe/fheologo.html,1997-07-26 00:00:00,2019-08-21 00:00:00
https://web.archive.org/web/*/http://www.hud.gov.:80/fhefhag.html,1997-07-26 00:00:00,2019-08-21 00:00:00
https://web.archive.org/web/*/http://www.hud.gov.:80/fhegtway.html,1997-07-27 00:00:00,2019-08-21 00:00:00
https://web.archive.org/web/*/http://www.hud.gov.:80/forms/formwrhs.html,1997-06-01 00:00:00,2019-08-21 00:00:00
https://web.archive.org/web/*/http://www.hud.gov.:80/fundopp.html,1997-06-01 00:00:00,2019-08-21 00:00:00
https://web.archive.org/web/*/http://www.hud.gov.:80/govorhs.html,1997-07-26 00:00:00,2019-08-21 00:00:00
https://web.archive.org/web/*/http://www.hud.gov.:80/hmbuyers.html,1997-06-01 00:00:00,2019-08-21 00:00:00
https://web.archive.org/web/*/http://www.hud.gov.:80/hmless.html,1997-07-27 00:00:00,2019-08-21 00:00:00
https://web.archive.org/web/*/http://www.hud.gov.:80/homeless.html,1997-07-26 00:00:00,2019-08-21 00:00:00
https://web.archive.org/web/*/http://www.hud.gov.:80/homesale.html,1997-06-01 00:00:00,2019-08-21 00:00:00
https://web.archive.org/web/*/http://www.hud.gov.:80/hudvet/vetfact.html,1997-07-28 00:00:00,2019-08-21 00:00:00
https://web.archive.org/web/*/http://www.hud.gov.:80/hudvet/vethless.html,1997-07-28 00:00:00,2019-08-21 00:00:00
https://web.archive.org/web/*/http://www.hud.gov.:80/hudvet/vetmain.html,1997-07-27 00:00:00,2019-08-21 00:00:00
https://web.archive.org/web/*/http://www.hud.gov.:80/hudvet/vetres.html,1997-07-28 00:00:00,2019-08-21 00:00:00
https://web.archive.org/web/*/http://www.hud.gov/?adid=www.nubianlink.net,2013-10-29 00:00:00,2019-08-21 00:00:00
https://web.archive.org/web/*/http://www.hud.gov/?external-link,2016-03-29 00:00:00,2019-08-21 00:00:00
https://web.archive.org/web/*/http://www.hud.gov/?keepThis=true&TB_iframe=true&height=650&width=850,2016-05-02 00:00:00,2019-08-21 00:00:00
https://web.archive.org/web/*/http://www.hud.gov/about/staff/dwilliams.cfm,2005-10-20 00:00:00,2019-08-21 00:00:00
https://web.archive.org/web/*/http://www.hud.gov/about/staff/kgottfried.cfm,2005-10-20 00:00:00,2019-08-21 00:00:00
https://web.archive.org/web/*/http://www.hud.gov/about/staff/kkendrick.cfm,2005-10-20 00:00:00,2019-08-21 00:00:00
https://web.archive.org/web/*/http://www.hud.gov/alabama/,2006-10-07 00:00:00,2019-08-21 00:00:00
https://web.archive.org/web/*/http://www.hud.gov/apps/calendar/event.cfm?state=ak&record=12612&scheduleID=12357&calendarID=5,2013-03-16 00:00:00,2019-08-21 00:00:00
https://web.archive.org/web/*/http://www.hud.gov/apps/calendar/event.cfm?state=ak&record=12674&scheduleID=12419&calendarID=5,2013-03-16 00:00:00,2019-08-21 00:00:00
https://web.archive.org/web/*/http://www.hud.gov/apps/calendar/event.cfm?state=ak&record=12680&scheduleID=12425&calendarID=5,2013-03-16 00:00:00,2019-08-21 00:00:00
https://web.archive.org/web/*/http://www.hud.gov/apps/calendar/event.cfm?state=ak&record=12681&scheduleID=12426&calendarID=5,2013-03-16 00:00:00,2019-08-21 00:00:00
https://web.archive.org/web/*/http://www.hud.gov/apps/calendar/event.cfm?state=ak&record=12709&scheduleID=12454&calendarID=5,2013-03-16 00:00:00,2019-08-21 00:00:00
https://web.archive.org/web/*/http://www.hud.gov/apps/calendar/event.cfm?state=ak&record=12759&scheduleID=12504&calendarID=5,2013-03-16 00:00:00,2019-08-21 00:00:00
https://web.archive.org/web/*/http://www.hud.gov/apps/calendar/event.cfm?state=az&record=12554&scheduleID=12299&calendarID=6,2013-03-16 00:00:00,2019-08-21 00:00:00
https://web.archive.org/web/*/http://www.hud.gov/apps/calendar/event.cfm?state=az&record=12748&scheduleID=12493&calendarID=6,2013-03-16 00:00:00,2019-08-21 00:00:00
https://web.archive.org/web/*/http://www.hud.gov/apps/calendar/event.cfm?state=az&record=12756&scheduleID=12501&calendarID=6,2013-03-16 00:00:00,2019-08-21 00:00:00
https://web.archive.org/web/*/http://www.hud.gov/apps/calendar/event.cfm?state=ca&record=10142&scheduleID=9903&calendarID=8,2013-03-07 00:00:00,2019-08-21 00:00:00
https://web.archive.org/web/*/http://www.hud.gov/apps/calendar/event.cfm?state=ca&record=12748&scheduleID=12493&calendarID=8,2013-03-17 00:00:00,2019-08-21 00:00:00
https://web.archive.org/web/*/http://www.hud.gov/apps/calendar/event.cfm?state=ca&record=12749&scheduleID=12494&calendarID=8,2013-03-17 00:00:00,2019-08-21 00:00:00
https://web.archive.org/web/*/http://www.hud.gov/apps/calendar/event.cfm?state=co&record=12747&scheduleID=12492&calendarID=9,2013-03-17 00:00:00,2019-08-21 00:00:00
https://web.archive.org/web/*/http://www.hud.gov/apps/calendar/event.cfm?state=co&record=12754&scheduleID=12499&calendarID=9,2013-03-17 00:00:00,2019-08-21 00:00:00
https://web.archive.org/web/*/http://www.hud.gov/apps/section8/results.cfm?city_name_text=&county_name_text=Harford&zip_code=&property_name_text=&client_group_type=&maxrec=20&state_code=MD&statename=Maryland,2013-10-01 00:00:00,2019-08-21 00:00:00
https://web.archive.org/web/*/http://www.hud.gov/apps/section8/results.cfm?city_name_text=&county_name_text=SAN+DIEGO&zip_code=&property_name_text=&client_group_type=&maxrec=20&state_code=CA&statename=California&start=101,2013-04-01 00:00:00,2019-08-21 00:00:00
https://web.archive.org/web/*/http://www.hud.gov/apps/section8/results.cfm?city_name_text=&county_name_text=SAN+DIEGO&zip_code=&property_name_text=&client_group_type=&maxrec=20&state_code=CA&statename=California&start=21,2013-04-01 00:00:00,2019-08-21 00:00:00
https://web.archive.org/web/*/http://www.hud.gov/apps/section8/results.cfm?city_name_text=&county_name_text=SAN+DIEGO&zip_code=&property_name_text=&client_group_type=&maxrec=20&state_code=CA&statename=California&start=41,2013-04-01 00:00:00,2019-08-21 00:00:00
https://web.archive.org/web/*/http://www.hud.gov/apps/section8/results.cfm?city_name_text=&county_name_text=SAN+DIEGO&zip_code=&property_name_text=&client_group_type=&maxrec=20&state_code=CA&statename=California&start=61,2013-04-01 00:00:00,2019-08-21 00:00:00
https://web.archive.org/web/*/http://www.hud.gov/apps/section8/results.cfm?city_name_text=&county_name_text=SAN+DIEGO&zip_code=&property_name_text=&client_group_type=&maxrec=20&state_code=CA&statename=California&start=81,2013-04-01 00:00:00,2019-08-21 00:00:00
https://web.archive.org/web/*/http://www.hud.gov/apps/section8/step2.cfm?state=CT%2CConnecticut%20,2013-02-21 00:00:00,2019-08-21 00:00:00
"https://web.archive.org/web/*/http://www.hud.gov/apps/section8/step2.cfm?state=KS,%20Kansas",2013-02-20 00:00:00,2019-08-21 00:00:00
"https://web.archive.org/web/*/http://www.hud.gov/apps/section8/step2.cfm?state=MO,%20Missouri",2013-02-22 00:00:00,2019-08-21 00:00:00
https://web.archive.org/web/*/http://www.hud.gov/apps/section8/step2.cfm?state=NJ%2CNewJersey,2013-02-21 00:00:00,2019-08-21 00:00:00
https://web.archive.org/web/*/http://www.hud.gov/apps/section8/step2.cfm?state=NM%2CNewMexico,2006-09-30 00:00:00,2019-08-21 00:00:00
"https://web.archive.org/web/*/http://www.hud.gov/apps/section8/step2.cfm?state=PA,%20Pennsylvania%20",2013-02-27 00:00:00,2019-08-21 00:00:00
"https://web.archive.org/web/*/http://www.hud.gov/apps/section8/step2.cfm?state=VA,%20Virginia",2006-09-29 00:00:00,2019-08-21 00:00:00
"https://web.archive.org/web/*/http://www.hud.gov/apps/section8/step2.cfm?state=WV,%20West%20Virginia",2006-09-29 00:00:00,2019-08-21 00:00:00
https://web.archive.org/web/*/http://www.hud.gov/assist/webpolicies.cfm,2005-09-07 00:00:00,2019-08-21 00:00:00
https://web.archive.org/web/*/http://www.hud.gov/assist/webpolicies.cfm?&lang=en,2005-09-10 00:00:00,2019-08-21 00:00:00
https://web.archive.org/web/*/http://www.hud.gov/budgetsummary2010/index.cfm,2009-05-12 00:00:00,2019-08-21 00:00:00
https://web.archive.org/web/*/http://www.hud.gov/budgetsummary2010/index.cfm?&lang=en,2013-02-22 00:00:00,2019-08-21 00:00:00
https://web.archive.org/web/*/http://www.hud.gov/buying/loans.cfm,2005-10-26 00:00:00,2019-08-21 00:00:00
https://web.archive.org/web/*/http://www.hud.gov/california,2013-04-25 00:00:00,2019-08-21 00:00:00
https://web.archive.org/web/*/http://www.hud.gov/complaints/housediscrim.cfm?&lang=en,2005-10-22 00:00:00,2019-08-21 00:00:00
https://web.archive.org/web/*/http://www.hud.gov/connecticut,2015-12-21 00:00:00,2019-08-21 00:00:00
https://web.archive.org/web/*/http://www.hud.gov/counseling,2006-10-05 00:00:00,2019-08-21 00:00:00
https://web.archive.org/web/*/http://www.hud.gov/cpd/c2020/colonias/ca.jpg,2013-02-23 00:00:00,2019-08-21 00:00:00
https://web.archive.org/web/*/http://www.hud.gov/cpd/c2020/colonias/nm.jpg,2013-02-23 00:00:00,2019-08-21 00:00:00
https://web.archive.org/web/*/http://www.hud.gov/cpd/hhpass.gif,2013-10-23 00:00:00,2019-08-21 00:00:00
https://web.archive.org/web/*/http://www.hud.gov/cpd/home/homeweb.html;MARY_KOLESAR@hud.gov,2010-01-05 00:00:00,2019-08-21 00:00:00
https://web.archive.org/web/*/http://www.hud.gov/cpd/idis.gif,2013-10-23 00:00:00,2019-08-21 00:00:00
https://web.archive.org/web/*/http://www.hud.gov/cpd/idis/back.jpg,2013-10-23 00:00:00,2019-08-21 00:00:00
https://web.archive.org/web/*/http://www.hud.gov/cpd/images/cpd10b.gif,2013-02-06 00:00:00,2019-08-21 00:00:00
https://web.archive.org/web/*/http://www.hud.gov/digitalstrategy,2015-07-06 00:00:00,2019-08-21 00:00:00
https://web.archive.org/web/*/http://www.hud.gov/districtofcolumbia,2015-10-16 00:00:00,2019-08-21 00:00:00
https://web.archive.org/web/*/http://www.hud.gov/emarc/index.cfm,2013-03-03 00:00:00,2019-08-21 00:00:00
https://web.archive.org/web/*/http://www.hud.gov/emarc/index.cfm?fuseaction=emar.addRegisterEvent&eventId=2153&update=N,2015-08-15 00:00:00,2019-08-21 00:00:00
https://web.archive.org/web/*/http://www.hud.gov/emarc/index.cfm?fuseaction=emar.addRegisterEvent&eventId=2286&update=N,2015-09-25 00:00:00,2019-08-21 00:00:00
https://web.archive.org/web/*/http://www.hud.gov/emarc/index.cfm?fuseaction=emar.registerEvent&eventId=1177&update=N,2013-02-20 00:00:00,2019-08-21 00:00:00
https://web.archive.org/web/*/http://www.hud.gov/emarc/index.cfm?fuseaction=emar.registerEvent&eventId=1241&update=N,2013-03-10 00:00:00,2019-08-21 00:00:00
https://web.archive.org/web/*/http://www.hud.gov/emarc/index.cfm?fuseaction=emar.registerEvent&eventId=1583&update=N,2013-02-21 00:00:00,2019-08-21 00:00:00
https://web.archive.org/web/*/http://www.hud.gov/emarc/index.cfm?fuseaction=emar.registerEvent&eventId=1593&update=N,2013-09-09 00:00:00,2019-08-21 00:00:00
https://web.archive.org/web/*/http://www.hud.gov/emarc/index.cfm?fuseaction=emar.registerEvent&eventId=2009&update=N,2014-11-22 00:00:00,2019-08-21 00:00:00
https://web.archive.org/web/*/http://www.hud.gov/emarc/index.cfm?fuseaction=emar.registerEvent&eventId=2053&update=N,2016-01-28 00:00:00,2019-08-21 00:00:00
https://web.archive.org/web/*/http://www.hud.gov/emarc/index.cfm?fuseaction=emar.registerEvent&eventId=2341&update=N,2015-09-25 00:00:00,2019-08-21 00:00:00
https://web.archive.org/web/*/http://www.hud.gov/emarc/index.cfm?fuseaction=emar.registerEvent&eventId=2348&update=N,2015-09-25 00:00:00,2019-08-21 00:00:00
https://web.archive.org/web/*/http://www.hud.gov/emarc/index.cfm?fuseaction=emar.registerEvent&eventId=2418&update=N,2015-08-23 00:00:00,2019-08-21 00:00:00
https://web.archive.org/web/*/http://www.hud.gov/emarc/index.cfm?fuseaction=emar.registerEventSearch,2009-05-12 00:00:00,2019-08-21 00:00:00
https://web.archive.org/web/*/http://www.hud.gov/emarc/index.cfm?fuseaction=emar.registerEventSearch&pass_submit=1,2009-05-12 00:00:00,2019-08-21 00:00:00
https://web.archive.org/web/*/http://www.hud.gov/emarc/index.cfm?fuseaction=emar.registrationHome,2009-05-12 00:00:00,2019-08-21 00:00:00
https://web.archive.org/web/*/http://www.hud.gov/emarc/index.cfm?fuseaction=emar.registrationNotOpenError&eventid=1583,2013-02-21 00:00:00,2019-08-21 00:00:00
https://web.archive.org/web/*/http://www.hud.gov/emarc/index.cfm?fuseaction=emar.registrationNotOpenError&eventid=1593,2013-12-21 00:00:00,2019-08-21 00:00:00
https://web.archive.org/web/*/http://www.hud.gov/emarc/index.cfm?fuseaction=emar.registrationNotOpenError&eventid=2153,2015-08-16 00:00:00,2019-08-21 00:00:00
https://web.archive.org/web/*/http://www.hud.gov/emarc/index.cfm?fuseaction=emar.registrationNotOpenError&eventid=2418,2015-08-23 00:00:00,2019-08-21 00:00:00
https://web.archive.org/web/*/http://www.hud.gov/emarc/index.cfm?fuseaction=emarc.error&CFID=20892032&CFTOKEN=22613189,2009-05-14 00:00:00,2019-08-21 00:00:00
https://web.archive.org/web/*/http://www.hud.gov/energystar/developers.cfm,2004-11-05 00:00:00,2019-08-21 00:00:00
https://web.archive.org/web/*/http://www.hud.gov/energystar/grantees.cfm,2004-10-21 00:00:00,2019-08-21 00:00:00
https://web.archive.org/web/*/http://www.hud.gov/fha/loans.cfm,2005-09-07 00:00:00,2019-08-21 00:00:00
https://web.archive.org/web/*/http://www.hud.gov/fhcomplaints,2006-10-05 00:00:00,2019-08-21 00:00:00
https://web.archive.org/web/*/http://www.hud.gov/findacounselor,2015-09-13 00:00:00,2019-08-21 00:00:00
https://web.archive.org/web/*/http://www.hud.gov/FOIA,2016-05-14 00:00:00,2019-08-21 00:00:00
https://web.archive.org/web/*/http://www.hud.gov/foreclosure/index.cfm?&lang=es,2016-02-04 00:00:00,2019-08-21 00:00:00
https://web.archive.org/web/*/http://www.hud.gov/groups/contacts.cfm,2004-10-31 00:00:00,2019-08-21 00:00:00
https://web.archive.org/web/*/http://www.hud.gov/groups/farmwkercolonia.cfm,2004-10-31 00:00:00,2019-08-21 00:00:00
https://web.archive.org/web/*/http://www.hud.gov/groups/funding.cfm,2004-10-31 00:00:00,2019-08-21 00:00:00
https://web.archive.org/web/*/http://www.hud.gov/groups/hudprograms.cfm,2004-11-10 00:00:00,2019-08-21 00:00:00
https://web.archive.org/web/*/http://www.hud.gov/groups/library.cfm,2004-10-31 00:00:00,2019-08-21 00:00:00
https://web.archive.org/web/*/http://www.hud.gov/groups/organization.cfm,2004-10-31 00:00:00,2019-08-21 00:00:00
https://web.archive.org/web/*/http://www.hud.gov/hudhomes,2006-10-05 00:00:00,2019-08-21 00:00:00
https://web.archive.org/web/*/http://www.hud.gov:80/232forms,2016-01-16 00:00:00,2019-08-21 00:00:00
https://web.archive.org/web/*/http://www.hud.gov:80/50,2015-08-10 00:00:00,2019-08-21 00:00:00
https://web.archive.org/web/*/http://www.hud.gov:80/?NF=1,2003-11-25 00:00:00,2019-08-21 00:00:00
https://web.archive.org/web/*/http://www.hud.gov:80/?res=1024&ver=true,2002-06-10 00:00:00,2019-08-21 00:00:00
https://web.archive.org/web/*/http://www.hud.gov:80/?Trade%20Data%20Centerr=www.Tradedc.com,2008-12-18 00:00:00,2019-08-21 00:00:00
https://web.archive.org/web/*/http://www.hud.gov:80/about/,2001-02-07 00:00:00,2019-08-21 00:00:00
https://web.archive.org/web/*/http://www.hud.gov:80/about/acronyms.cfm,2002-06-02 00:00:00,2019-08-21 00:00:00
https://web.archive.org/web/*/http://www.hud.gov:80/about/acronyms.cfm?state=az,2003-06-28 00:00:00,2019-08-21 00:00:00
https://web.archive.org/web/*/http://www.hud.gov:80/about/hqbuilding.cfm,2001-08-03 00:00:00,2019-08-21 00:00:00
https://web.archive.org/web/*/http://www.hud.gov:80/about/index.cfm,2001-01-31 00:00:00,2019-08-21 00:00:00
https://web.archive.org/web/*/http://www.hud.gov:80/about/index.cfm?&lang=en,2003-02-26 00:00:00,2019-08-21 00:00:00
https://web.archive.org/web/*/http://www.hud.gov:80/about/inventory.cfm/,2004-12-09 00:00:00,2019-08-21 00:00:00
https://web.archive.org/web/*/http://www.hud.gov:80/about/keyhq.cfm,2006-06-16 00:00:00,2019-08-21 00:00:00
https://web.archive.org/web/*/http://www.hud.gov:80/about/qaintro.cfm,2001-11-15 00:00:00,2019-08-21 00:00:00
https://web.archive.org/web/*/http://www.hud.gov:80/about/secretary/,2001-03-03 00:00:00,2019-08-21 00:00:00
https://web.archive.org/web/*/http://www.hud.gov:80/about/secretary/bernardibio.cfm,2004-06-03 00:00:00,2019-08-21 00:00:00
https://web.archive.org/web/*/http://www.hud.gov:80/about/secretary/donohuebio.cfm,2002-12-29 00:00:00,2019-08-21 00:00:00
https://web.archive.org/web/*/http://www.hud.gov:80/about/secretary/donovanbio.cfm,2009-02-21 00:00:00,2019-08-21 00:00:00
https://web.archive.org/web/*/http://www.hud.gov:80/about/secretary/hudsecy.cfm,2001-03-03 00:00:00,2019-08-21 00:00:00
https://web.archive.org/web/*/http://www.hud.gov:80/about/secretary/jacksonbio.cfm,2001-11-07 00:00:00,2019-08-21 00:00:00
https://web.archive.org/web/*/http://www.hud.gov:80/about/secretary/prestonbio.cfm,2008-07-11 00:00:00,2019-08-21 00:00:00
https://web.archive.org/web/*/http://www.hud.gov:80/about/section8.cfm,2001-12-21 00:00:00,2019-08-21 00:00:00
https://web.archive.org/web/*/http://www.hud.gov:80/AFFH,2015-07-18 00:00:00,2019-08-21 00:00:00
https://web.archive.org/web/*/http://www.hud.gov:80/alaska,2012-08-25 00:00:00,2019-08-21 00:00:00
https://web.archive.org/web/*/http://www.hud.gov:80/answers,2011-09-26 00:00:00,2019-08-21 00:00:00
https://web.archive.org/web/*/http://www.hud.gov:80/answers.,2015-01-08 00:00:00,2019-08-21 00:00:00
https://web.archive.org/web/*/http://www.hud.gov:80/anytown/anytown.html,1998-12-02 00:00:00,2019-08-21 00:00:00
https://web.archive.org/web/*/http://www.hud.gov:80/anytown/map.html,1999-05-08 00:00:00,2019-08-21 00:00:00
https://web.archive.org/web/*/http://www.hud.gov:80/anytown/police.html,2016-04-07 00:00:00,2019-08-21 00:00:00
https://web.archive.org/web/*/http://www.hud.gov:80/appraisers/,2008-09-29 00:00:00,2019-08-21 00:00:00
https://web.archive.org/web/*/http://www.hud.gov:80/apps/section8/,2003-08-16 00:00:00,2019-08-21 00:00:00
https://web.archive.org/web/*/http://www.hud.gov:80/apps/section8/index.cfm,2002-10-17 00:00:00,2019-08-21 00:00:00
https://web.archive.org/web/*/http://www.hud.gov:80/apps/section8/index.cfm?CFID=1000762&CFTOKEN=15306169,2007-08-09 00:00:00,2019-08-21 00:00:00
https://web.archive.org/web/*/http://www.hud.gov:80/apps/section8/results.cfm?city_name_text=&county_name_text=SAN+DIEGO&zip_code=&property_name_text=&client_group_type=&maxrec=20&state_code=CA&statename=California,2007-01-04 00:00:00,2019-08-21 00:00:00
"https://web.archive.org/web/*/http://www.hud.gov:80/apps/section8/step2.cfm?state=AK,Alaska",2002-12-20 00:00:00,2019-08-21 00:00:00
"https://web.archive.org/web/*/http://www.hud.gov:80/apps/section8/step2.cfm?state=AL,Alabama",2003-04-02 00:00:00,2019-08-21 00:00:00
"https://web.archive.org/web/*/http://www.hud.gov:80/apps/section8/step2.cfm?state=AR,Arkansas",2003-02-06 00:00:00,2019-08-21 00:00:00
"https://web.archive.org/web/*/http://www.hud.gov:80/apps/section8/step2.cfm?state=AZ,Arizona",2003-04-23 00:00:00,2019-08-21 00:00:00
"https://web.archive.org/web/*/http://www.hud.gov:80/apps/section8/step2.cfm?state=CA,California",2003-02-21 00:00:00,2019-08-21 00:00:00
"https://web.archive.org/web/*/http://www.hud.gov:80/apps/section8/step2.cfm?state=CO,Colorado",2003-04-21 00:00:00,2019-08-21 00:00:00
"https://web.archive.org/web/*/http://www.hud.gov:80/apps/section8/step2.cfm?state=CT,Connecticut",2003-02-05 00:00:00,2019-08-21 00:00:00
https://web.archive.org/web/*/http://www.hud.gov:80/apps/section8/step2.cfm?state=DC,2005-02-09 00:00:00,2019-08-21 00:00:00
"https://web.archive.org/web/*/http://www.hud.gov:80/apps/section8/step2.cfm?state=DC,District+of+Columbia",2003-10-02 00:00:00,2019-08-21 00:00:00
https://web.archive.org/web/*/http://www.hud.gov:80/apps/section8/step2.cfm?state=DE,2005-02-09 00:00:00,2019-08-21 00:00:00
"https://web.archive.org/web/*/http://www.hud.gov:80/apps/section8/step2.cfm?state=DE,Delaware",2003-10-16 00:00:00,2019-08-21 00:00:00
"https://web.archive.org/web/*/http://www.hud.gov:80/apps/section8/step2.cfm?state=FL,Florida",2003-06-28 00:00:00,2019-08-21 00:00:00
"https://web.archive.org/web/*/http://www.hud.gov:80/apps/section8/step2.cfm?state=GA,Georgia",2003-02-23 00:00:00,2019-08-21 00:00:00
"https://web.archive.org/web/*/http://www.hud.gov:80/apps/section8/step2.cfm?state=HI,Hawaii",2003-09-21 00:00:00,2019-08-21 00:00:00
"https://web.archive.org/web/*/http://www.hud.gov:80/apps/section8/step2.cfm?state=IA,Iowa",2002-12-28 00:00:00,2019-08-21 00:00:00
"https://web.archive.org/web/*/http://www.hud.gov:80/apps/section8/step2.cfm?state=ID,Idaho",2003-02-06 00:00:00,2019-08-21 00:00:00
"https://web.archive.org/web/*/http://www.hud.gov:80/apps/section8/step2.cfm?state=IL,Illinois",2003-08-04 00:00:00,2019-08-21 00:00:00
"https://web.archive.org/web/*/http://www.hud.gov:80/apps/section8/step2.cfm?state=IN,Indiana",2003-08-27 00:00:00,2019-08-21 00:00:00
"https://web.archive.org/web/*/http://www.hud.gov:80/apps/section8/step2.cfm?state=KS,Kansas",2003-07-27 00:00:00,2019-08-21 00:00:00
"https://web.archive.org/web/*/http://www.hud.gov:80/apps/section8/step2.cfm?state=KY,Kentucky",2003-07-24 00:00:00,2019-08-21 00:00:00
"https://web.archive.org/web/*/http://www.hud.gov:80/apps/section8/step2.cfm?state=LA,Louisiana",2003-02-21 00:00:00,2019-08-21 00:00:00
"https://web.archive.org/web/*/http://www.hud.gov:80/apps/section8/step2.cfm?state=MA,Massachusetts",2003-02-06 00:00:00,2019-08-21 00:00:00
https://web.archive.org/web/*/http://www.hud.gov:80/apps/section8/step2.cfm?state=MD,2005-02-06 00:00:00,2019-08-21 00:00:00
"https://web.archive.org/web/*/http://www.hud.gov:80/apps/section8/step2.cfm?state=MD,Maryland",2003-08-29 00:00:00,2019-08-21 00:00:00
"https://web.archive.org/web/*/http://www.hud.gov:80/apps/section8/step2.cfm?state=ME,Maine",2002-12-29 00:00:00,2019-08-21 00:00:00
"https://web.archive.org/web/*/http://www.hud.gov:80/apps/section8/step2.cfm?state=MI,Michigan",2003-08-29 00:00:00,2019-08-21 00:00:00
"https://web.archive.org/web/*/http://www.hud.gov:80/apps/section8/step2.cfm?state=MN,Minnesota",2002-10-23 00:00:00,2019-08-21 00:00:00
"https://web.archive.org/web/*/http://www.hud.gov:80/apps/section8/step2.cfm?state=MO,Missouri",2003-04-15 00:00:00,2019-08-21 00:00:00
"https://web.archive.org/web/*/http://www.hud.gov:80/apps/section8/step2.cfm?state=MS,Mississippi",2003-04-15 00:00:00,2019-08-21 00:00:00
"https://web.archive.org/web/*/http://www.hud.gov:80/apps/section8/step2.cfm?state=MT,Montana",2003-08-18 00:00:00,2019-08-21 00:00:00
"https://web.archive.org/web/*/http://www.hud.gov:80/apps/section8/step2.cfm?state=NC,North+Carolina",2003-04-18 00:00:00,2019-08-21 00:00:00
"https://web.archive.org/web/*/http://www.hud.gov:80/apps/section8/step2.cfm?state=ND,North+Dakota",2003-04-18 00:00:00,2019-08-21 00:00:00
"https://web.archive.org/web/*/http://www.hud.gov:80/apps/section8/step2.cfm?state=NE,Nebraska",2003-04-15 00:00:00,2019-08-21 00:00:00
"https://web.archive.org/web/*/http://www.hud.gov:80/apps/section8/step2.cfm?state=NH,New+Hampshire",2003-08-29 00:00:00,2019-08-21 00:00:00
"https://web.archive.org/web/*/http://www.hud.gov:80/apps/section8/step2.cfm?state=NH,NewHampshire",2003-02-06 00:00:00,2019-08-21 00:00:00
"https://web.archive.org/web/*/http://www.hud.gov:80/apps/section8/step2.cfm?state=NJ,New+Jersey",2002-12-20 00:00:00,2019-08-21 00:00:00
"https://web.archive.org/web/*/http://www.hud.gov:80/apps/section8/step2.cfm?state=NM,New+Mexico",2003-04-05 00:00:00,2019-08-21 00:00:00
"https://web.archive.org/web/*/http://www.hud.gov:80/apps/section8/step2.cfm?state=NV,Nevada",2003-08-18 00:00:00,2019-08-21 00:00:00
https://web.archive.org/web/*/http://www.hud.gov:80/apps/section8/step2.cfm?state=NY%2CNewyork,2006-05-18 00:00:00,2019-08-21 00:00:00
"https://web.archive.org/web/*/http://www.hud.gov:80/apps/section8/step2.cfm?state=NY,New+York",2003-02-06 00:00:00,2019-08-21 00:00:00
"https://web.archive.org/web/*/http://www.hud.gov:80/apps/section8/step2.cfm?state=OH,ohio",2003-01-17 00:00:00,2019-08-21 00:00:00
"https://web.archive.org/web/*/http://www.hud.gov:80/apps/section8/step2.cfm?state=OK,Oklahoma",2003-02-06 00:00:00,2019-08-21 00:00:00
https://web.archive.org/web/*/http://www.hud.gov:80/apps/section8/step2.cfm?state=OR,2003-04-22 00:00:00,2019-08-21 00:00:00
"https://web.archive.org/web/*/http://www.hud.gov:80/apps/section8/step2.cfm?state=OR,Oregon",2002-12-20 00:00:00,2019-08-21 00:00:00
"https://web.archive.org/web/*/http://www.hud.gov:80/apps/section8/step2.cfm?state=PA,%20Pennsylvania",2005-02-21 00:00:00,2019-08-21 00:00:00
"https://web.archive.org/web/*/http://www.hud.gov:80/apps/section8/step2.cfm?state=PA,Pennsylvania",2003-09-20 00:00:00,2019-08-21 00:00:00
"https://web.archive.org/web/*/http://www.hud.gov:80/apps/section8/step2.cfm?state=PR,Puerto+Rico",2003-08-04 00:00:00,2019-08-21 00:00:00
"https://web.archive.org/web/*/http://www.hud.gov:80/apps/section8/step2.cfm?state=RI,Rhode+Island",2003-02-19 00:00:00,2019-08-21 00:00:00
"https://web.archive.org/web/*/http://www.hud.gov:80/apps/section8/step2.cfm?state=RI,RhodeIsland",2003-02-06 00:00:00,2019-08-21 00:00:00
"https://web.archive.org/web/*/http://www.hud.gov:80/apps/section8/step2.cfm?state=SC,South+Carolina",2003-10-04 00:00:00,2019-08-21 00:00:00
"https://web.archive.org/web/*/http://www.hud.gov:80/apps/section8/step2.cfm?state=SD,South+Dakota",2002-12-28 00:00:00,2019-08-21 00:00:00
"https://web.archive.org/web/*/http://www.hud.gov:80/apps/section8/step2.cfm?state=TN,Tennessee",2003-04-15 00:00:00,2019-08-21 00:00:00
"https://web.archive.org/web/*/http://www.hud.gov:80/apps/section8/step2.cfm?state=TX,Texas",2003-02-21 00:00:00,2019-08-21 00:00:00
"https://web.archive.org/web/*/http://www.hud.gov:80/apps/section8/step2.cfm?state=UT,Utah",2003-06-22 00:00:00,2019-08-21 00:00:00
"https://web.archive.org/web/*/http://www.hud.gov:80/apps/section8/step2.cfm?state=VA,Virginia",2003-09-30 00:00:00,2019-08-21 00:00:00
"https://web.archive.org/web/*/http://www.hud.gov:80/apps/section8/step2.cfm?state=VT,Vermont",2003-02-22 00:00:00,2019-08-21 00:00:00
"https://web.archive.org/web/*/http://www.hud.gov:80/apps/section8/step2.cfm?state=WA,Washington",2002-10-23 00:00:00,2019-08-21 00:00:00
"https://web.archive.org/web/*/http://www.hud.gov:80/apps/section8/step2.cfm?state=WI,Wisconsin",2003-08-16 00:00:00,2019-08-21 00:00:00
"https://web.archive.org/web/*/http://www.hud.gov:80/apps/section8/step2.cfm?state=WV,West+Virginia",2003-08-31 00:00:00,2019-08-21 00:00:00
"https://web.archive.org/web/*/http://www.hud.gov:80/apps/section8/step2.cfm?state=WY,Wyoming",2003-04-19 00:00:00,2019-08-21 00:00:00
https://web.archive.org/web/*/http://www.hud.gov:80/arizona,2013-09-27 00:00:00,2019-08-21 00:00:00
https://web.archive.org/web/*/http://www.hud.gov:80/arkansas,2013-02-25 00:00:00,2019-08-21 00:00:00
https://web.archive.org/web/*/http://www.hud.gov:80/assist,2001-07-01 00:00:00,2019-08-21 00:00:00
https://web.archive.org/web/*/http://www.hud.gov:80/assist/acrobat.cfm,2002-04-15 00:00:00,2019-08-21 00:00:00
https://web.archive.org/web/*/http://www.hud.gov:80/assist/contactus.cfm,2001-01-31 00:00:00,2019-08-21 00:00:00
https://web.archive.org/web/*/http://www.hud.gov:80/assist/contactus.cfm?&lang=en,2003-04-13 00:00:00,2019-08-21 00:00:00
https://web.archive.org/web/*/http://www.hud.gov:80/assist/cookies.cfm,2001-03-29 00:00:00,2019-08-21 00:00:00
https://web.archive.org/web/*/http://www.hud.gov:80/assist/index.cfm,2001-01-31 00:00:00,2019-08-21 00:00:00
https://web.archive.org/web/*/http://www.hud.gov:80/assist/index.cfm?&lang=en,2003-02-26 00:00:00,2019-08-21 00:00:00
https://web.archive.org/web/*/http://www.hud.gov:80/assist/privacy.cfm,2001-02-04 00:00:00,2019-08-21 00:00:00
https://web.archive.org/web/*/http://www.hud.gov:80/assist/privacy.cfm?&lang=en,2003-02-26 00:00:00,2019-08-21 00:00:00
https://web.archive.org/web/*/http://www.hud.gov:80/assist/service.cfm?&lang=en,2003-02-26 00:00:00,2019-08-21 00:00:00
https://web.archive.org/web/*/http://www.hud.gov:80/assist/siteindex.cfm,2001-02-04 00:00:00,2019-08-21 00:00:00
https://web.archive.org/web/*/http://www.hud.gov:80/assist/siteindex.cfm/top,2001-11-09 00:00:00,2019-08-21 00:00:00
https://web.archive.org/web/*/http://www.hud.gov:80/assist/siteindex.cfm?&lang=en,2003-02-26 00:00:00,2019-08-21 00:00:00
https://web.archive.org/web/*/http://www.hud.gov:80/assist/sitemap.cfm,2009-11-07 00:00:00,2019-08-21 00:00:00
https://web.archive.org/web/*/http://www.hud.gov:80/basic.cfm,2001-07-15 00:00:00,2019-08-21 00:00:00
https://web.archive.org/web/*/http://www.hud.gov:80/bdfy2000/summary/pdandr/randt.cfm,2001-07-15 00:00:00,2019-08-21 00:00:00
https://web.archive.org/web/*/http://www.hud.gov:80/bfields.html,1998-12-05 00:00:00,2019-08-21 00:00:00
https://web.archive.org/web/*/http://www.hud.gov:80/budget.html,1999-05-08 00:00:00,2019-08-21 00:00:00
https://web.archive.org/web/*/http://www.hud.gov:80/budget01/justif/cpd/rc.cfm,2001-07-15 00:00:00,2019-08-21 00:00:00
https://web.archive.org/web/*/http://www.hud.gov:80/buying/,2001-01-25 00:00:00,2019-08-21 00:00:00
https://web.archive.org/web/*/http://www.hud.gov:80/buying/buyhudhm.cfm,2001-01-25 00:00:00,2019-08-21 00:00:00
https://web.archive.org/web/*/http://www.hud.gov:80/buying/comq.cfm,2001-02-01 00:00:00,2019-08-21 00:00:00
https://web.archive.org/web/*/http://www.hud.gov:80/buying/index.cfm,2001-02-04 00:00:00,2019-08-21 00:00:00
https://web.archive.org/web/*/http://www.hud.gov:80/buying/index.cfm?&lang=en,2003-06-05 00:00:00,2019-08-21 00:00:00
https://web.archive.org/web/*/http://www.hud.gov:80/buying/insured.cfm,2001-12-13 00:00:00,2019-08-21 00:00:00
https://web.archive.org/web/*/http://www.hud.gov:80/buying/localbuying.cfm,2002-10-06 00:00:00,2019-08-21 00:00:00
https://web.archive.org/web/*/http://www.hud.gov:80/buying/localbuying.cfm?&lang=en,2003-05-14 00:00:00,2019-08-21 00:00:00
https://web.archive.org/web/*/http://www.hud.gov:80/buying/localbuying.cfm?lang=en,2002-12-21 00:00:00,2019-08-21 00:00:00
https://web.archive.org/web/*/http://www.hud.gov:80/buying/localhomebuy.cfm,2001-02-08 00:00:00,2019-08-21 00:00:00
https://web.archive.org/web/*/http://www.hud.gov:80/buying/localpredlend.cfm,2003-02-05 00:00:00,2019-08-21 00:00:00
https://web.archive.org/web/*/http://www.hud.gov:80/buying/mortprog.cfm,2001-01-25 00:00:00,2019-08-21 00:00:00
https://web.archive.org/web/*/http://www.hud.gov:80/buying/morttips.cfm,2002-06-11 00:00:00,2019-08-21 00:00:00
https://web.archive.org/web/*/http://www.hud.gov:80/buying/refinance.cfm,2001-02-01 00:00:00,2019-08-21 00:00:00
https://web.archive.org/web/*/http://www.hud.gov:80/buying/reverse.cfm,2001-03-03 00:00:00,2019-08-21 00:00:00
https://web.archive.org/web/*/http://www.hud.gov:80/buying/rvrsmort.cfm,2001-04-17 00:00:00,2019-08-21 00:00:00
https://web.archive.org/web/*/http://www.hud.gov:80/buying/terms_eng-sp.cfm,2001-11-07 00:00:00,2019-08-21 00:00:00
https://web.archive.org/web/*/http://www.hud.gov:80/calculator,2010-01-16 00:00:00,2019-08-21 00:00:00
https://web.archive.org/web/*/http://www.hud.gov:80/calendar/,2001-02-20 00:00:00,2019-08-21 00:00:00
https://web.archive.org/web/*/http://www.hud.gov:80/calendar/index.cfm,2001-02-04 00:00:00,2019-08-21 00:00:00
https://web.archive.org/web/*/http://www.hud.gov:80/cb/cbmainmn.html,1998-12-05 00:00:00,2019-08-21 00:00:00
https://web.archive.org/web/*/http://www.hud.gov:80/cdbg,2015-07-31 00:00:00,2019-08-21 00:00:00
https://web.archive.org/web/*/http://www.hud.gov:80/cfda/2001/14168.cfm,2001-07-15 00:00:00,2019-08-21 00:00:00
https://web.archive.org/web/*/http://www.hud.gov:80/cfo/cfoacc96.html,1999-04-20 00:00:00,2019-08-21 00:00:00
https://web.archive.org/web/*/http://www.hud.gov:80/cio/ciohome.html,2000-03-03 00:00:00,2019-08-21 00:00:00
https://web.archive.org/web/*/http://www.hud.gov:80/cio/year2000,1998-12-06 00:00:00,2019-08-21 00:00:00
https://web.archive.org/web/*/http://www.hud.gov:80/cn,2010-09-01 00:00:00,2019-08-21 00:00:00
https://web.archive.org/web/*/http://www.hud.gov:80/codetalk,2005-04-04 00:00:00,2019-08-21 00:00:00
https://web.archive.org/web/*/http://www.hud.gov:80/codtctrs.html,1998-02-09 00:00:00,2019-08-21 00:00:00
https://web.archive.org/web/*/http://www.hud.gov:80/community/,2001-01-25 00:00:00,2019-08-21 00:00:00
https://web.archive.org/web/*/http://www.hud.gov:80/community/index.cfm,2002-01-04 00:00:00,2019-08-21 00:00:00
https://web.archive.org/web/*/http://www.hud.gov:80/community/index.cfm?&lang=en,2003-04-16 00:00:00,2019-08-21 00:00:00
https://web.archive.org/web/*/http://www.hud.gov:80/community/orcomm.html,2001-11-23 00:00:00,2019-08-21 00:00:00
https://web.archive.org/web/*/http://www.hud.gov:80/community/yourcommunity.cfm,2003-12-21 00:00:00,2019-08-21 00:00:00
https://web.archive.org/web/*/http://www.hud.gov:80/complaints,2001-03-21 00:00:00,2019-08-21 00:00:00
https://web.archive.org/web/*/http://www.hud.gov:80/complaints/badlandlord.cfm,2001-02-10 00:00:00,2019-08-21 00:00:00
https://web.archive.org/web/*/http://www.hud.gov:80/complaints/custservice.cfm,2009-12-13 00:00:00,2019-08-21 00:00:00
https://web.archive.org/web/*/http://www.hud.gov:80/complaints/decpcontract.cfm,2001-02-10 00:00:00,2019-08-21 00:00:00
https://web.archive.org/web/*/http://www.hud.gov:80/complaints/fraud_waste.cfm,2001-02-10 00:00:00,2019-08-21 00:00:00
https://web.archive.org/web/*/http://www.hud.gov:80/complaints/housediscrim.cfm,2001-04-10 00:00:00,2019-08-21 00:00:00
https://web.archive.org/web/*/http://www.hud.gov:80/complaints/index.cfm,2001-02-04 00:00:00,2019-08-21 00:00:00
https://web.archive.org/web/*/http://www.hud.gov:80/complaints/index.cfm?&lang=en,2003-04-16 00:00:00,2019-08-21 00:00:00
https://web.archive.org/web/*/http://www.hud.gov:80/complaints/index.cfm?lang=en,2002-04-21 00:00:00,2019-08-21 00:00:00
https://web.archive.org/web/*/http://www.hud.gov:80/complaints/landsales.cfm,2001-02-10 00:00:00,2019-08-21 00:00:00
https://web.archive.org/web/*/http://www.hud.gov:80/complaints/manhousing.cfm,2001-04-13 00:00:00,2019-08-21 00:00:00
https://web.archive.org/web/*/http://www.hud.gov:80/comq.html,1999-05-08 00:00:00,2019-08-21 00:00:00
https://web.archive.org/web/*/http://www.hud.gov:80/consum.cfm,2001-01-25 00:00:00,2019-08-21 00:00:00
https://web.archive.org/web/*/http://www.hud.gov:80/consumer/,2001-02-08 00:00:00,2019-08-21 00:00:00
https://web.archive.org/web/*/http://www.hud.gov:80/consumer/index.cfm,2001-04-13 00:00:00,2019-08-21 00:00:00
https://web.archive.org/web/*/http://www.hud.gov:80/consumer/index.cfm?&lang=en,2003-04-04 00:00:00,2019-08-21 00:00:00
https://web.archive.org/web/*/http://www.hud.gov:80/consumer/local.cfm,2003-02-22 00:00:00,2019-08-21 00:00:00
https://web.archive.org/web/*/http://www.hud.gov:80/content/releases,2009-07-18 00:00:00,2019-08-21 00:00:00
https://web.archive.org/web/*/http://www.hud.gov:80/counseling/501,2012-08-16 00:00:00,2019-08-21 00:00:00
https://web.archive.org/web/*/http://www.hud.gov:80/counselors,2010-03-29 00:00:00,2019-08-21 00:00:00
https://web.archive.org/web/*/http://www.hud.gov:80/cpd/2020soft.html,1997-12-12 00:00:00,2019-08-21 00:00:00
https://web.archive.org/web/*/http://www.hud.gov:80/cpd/c2020/mapgal.html,2000-04-17 00:00:00,2019-08-21 00:00:00
https://web.archive.org/web/*/http://www.hud.gov:80/cpd/colonias.html,1999-02-09 00:00:00,2019-08-21 00:00:00
https://web.archive.org/web/*/http://www.hud.gov:80/cpd/cpd/cpdprog.html,2000-08-15 00:00:00,2019-08-21 00:00:00
https://web.archive.org/web/*/http://www.hud.gov:80/cpd/cpdenvir.html,1998-02-09 00:00:00,2019-08-21 00:00:00
https://web.archive.org/web/*/http://www.hud.gov:80/cpd/cpdhome.html,1998-02-09 00:00:00,2019-08-21 00:00:00
https://web.archive.org/web/*/http://www.hud.gov:80/cpd/cps/cpsqsas.html,2002-06-25 00:00:00,2019-08-21 00:00:00
https://web.archive.org/web/*/http://www.hud.gov:80/cpd/econdev/ythhome.html,2000-03-12 00:00:00,2019-08-21 00:00:00
https://web.archive.org/web/*/http://www.hud.gov:80/cpd/ezec/ceb.html,2000-08-15 00:00:00,2019-08-21 00:00:00
https://web.archive.org/web/*/http://www.hud.gov:80/cpd/home/homefront/M2/M2T0-00.html,2000-08-24 00:00:00,2019-08-21 00:00:00
https://web.archive.org/web/*/http://www.hud.gov:80/cpd/home/homeweb.html,1999-10-10 00:00:00,2019-08-21 00:00:00
https://web.archive.org/web/*/http://www.hud.gov:80/cpd/home/pubindex/notices.html,2000-12-01 00:00:00,2019-08-21 00:00:00
https://web.archive.org/web/*/http://www.hud.gov:80/cpd/hopwahom.html,1998-12-06 00:00:00,2019-08-21 00:00:00
https://web.archive.org/web/*/http://www.hud.gov:80/cpd/idis/refman/ref_man_15.pdf,2007-01-05 00:00:00,2019-08-21 00:00:00
https://web.archive.org/web/*/http://www.hud.gov:80/cpd/ocv/envregul.html,2000-08-16 00:00:00,2019-08-21 00:00:00
https://web.archive.org/web/*/http://www.hud.gov:80/cpd/oed/funding.html,2001-02-06 00:00:00,2019-08-21 00:00:00
https://web.archive.org/web/*/http://www.hud.gov:80/cpd/oed/programs.html,2001-03-29 00:00:00,2019-08-21 00:00:00
https://web.archive.org/web/*/http://www.hud.gov:80/cpd/s+c.html,2000-03-04 00:00:00,2019-08-21 00:00:00
https://web.archive.org/web/*/http://www.hud.gov:80/cpd/statecon.html,1998-02-09 00:00:00,2019-08-21 00:00:00
https://web.archive.org/web/*/http://www.hud.gov:80/cr,2003-10-03 00:00:00,2019-08-21 00:00:00
https://web.archive.org/web/*/http://www.hud.gov:80/crlocator,2004-02-06 00:00:00,2019-08-21 00:00:00
https://web.archive.org/web/*/http://www.hud.gov:80/cts/osdbu.html,1998-12-02 00:00:00,2019-08-21 00:00:00
https://web.archive.org/web/*/http://www.hud.gov:80/cuomo.cfm,2001-02-07 00:00:00,2019-08-21 00:00:00
https://web.archive.org/web/*/http://www.hud.gov:80/datamap,2010-11-25 00:00:00,2019-08-21 00:00:00
https://web.archive.org/web/*/http://www.hud.gov:80/december.html,2000-03-03 00:00:00,2019-08-21 00:00:00
https://web.archive.org/web/*/http://www.hud.gov:80/developer,2013-06-27 00:00:00,2019-08-21 00:00:00
https://web.archive.org/web/*/http://www.hud.gov:80/directory,2003-06-22 00:00:00,2019-08-21 00:00:00
https://web.archive.org/web/*/http://www.hud.gov:80/directory/800/,2006-03-06 00:00:00,2019-08-21 00:00:00
https://web.archive.org/web/*/http://www.hud.gov:80/directory/800/800num1.cfm,2001-11-09 00:00:00,2019-08-21 00:00:00
https://web.archive.org/web/*/http://www.hud.gov:80/directory/800/800num2.cfm,2001-11-19 00:00:00,2019-08-21 00:00:00
https://web.archive.org/web/*/http://www.hud.gov:80/directory/800/800num3.cfm,2001-11-20 00:00:00,2019-08-21 00:00:00
https://web.archive.org/web/*/http://www.hud.gov:80/directory/800/800num4.cfm,2002-04-14 00:00:00,2019-08-21 00:00:00
https://web.archive.org/web/*/http://www.hud.gov:80/directory/800/800num5.cfm,2001-11-20 00:00:00,2019-08-21 00:00:00
https://web.archive.org/web/*/http://www.hud.gov:80/directory/800/800num6.cfm,2001-11-20 00:00:00,2019-08-21 00:00:00
https://web.archive.org/web/*/http://www.hud.gov:80/directory/800/800num7.cfm,2001-11-20 00:00:00,2019-08-21 00:00:00
https://web.archive.org/web/*/http://www.hud.gov:80/directory/800/800num8.cfm,2001-11-20 00:00:00,2019-08-21 00:00:00
https://web.archive.org/web/*/http://www.hud.gov:80/directory/800/800num9.cfm,2001-11-20 00:00:00,2019-08-21 00:00:00
https://web.archive.org/web/*/http://www.hud.gov:80/directory/800/index.cfm,2001-11-18 00:00:00,2019-08-21 00:00:00
https://web.archive.org/web/*/http://www.hud.gov:80/directory/800/parainformacion.cfm,2001-11-16 00:00:00,2019-08-21 00:00:00
https://web.archive.org/web/*/http://www.hud.gov:80/directory/ascdir3.cfm,2001-04-13 00:00:00,2019-08-21 00:00:00
https://web.archive.org/web/*/http://www.hud.gov:80/directory/director.cfm,2001-06-18 00:00:00,2019-08-21 00:00:00
https://web.archive.org/web/*/http://www.hud.gov:80/directory/dirodoc.cfm,2001-06-27 00:00:00,2019-08-21 00:00:00
https://web.archive.org/web/*/http://www.hud.gov:80/directory/dirpdr.cfm,2001-06-27 00:00:00,2019-08-21 00:00:00
https://web.archive.org/web/*/http://www.hud.gov:80/directory/dirpubaf.cfm,2001-06-27 00:00:00,2019-08-21 00:00:00
https://web.archive.org/web/*/http://www.hud.gov:80/dirfbci.cfm,2004-02-28 00:00:00,2019-08-21 00:00:00
https://web.archive.org/web/*/http://www.hud.gov:80/dirfpm.cfm,2004-02-28 00:00:00,2019-08-21 00:00:00
https://web.archive.org/web/*/http://www.hud.gov:80/economicdevelopment/,2001-02-06 00:00:00,2019-08-21 00:00:00
https://web.archive.org/web/*/http://www.hud.gov:80/economicdevelopment/index.cfm,2001-04-13 00:00:00,2019-08-21 00:00:00
https://web.archive.org/web/*/http://www.hud.gov:80/economicdevelopment/index.cfm?&lang=en,2003-04-02 00:00:00,2019-08-21 00:00:00
https://web.archive.org/web/*/http://www.hud.gov:80/emaps,2000-10-17 00:00:00,2019-08-21 00:00:00
https://web.archive.org/web/*/http://www.hud.gov:80/emarc,2009-05-12 00:00:00,2019-08-21 00:00:00
https://web.archive.org/web/*/http://www.hud.gov:80/energy/,2005-03-20 00:00:00,2019-08-21 00:00:00
https://web.archive.org/web/*/http://www.hud.gov:80/esnaps/,2008-05-17 00:00:00,2019-08-21 00:00:00
https://web.archive.org/web/*/http://www.hud.gov:80/exhibit300/,2007-03-01 00:00:00,2019-08-21 00:00:00
https://web.archive.org/web/*/http://www.hud.gov:80/exhibit300/index.cfm,2007-02-24 00:00:00,2019-08-21 00:00:00
https://web.archive.org/web/*/http://www.hud.gov:80/ezec/locator/,1998-02-09 00:00:00,2019-08-21 00:00:00
https://web.archive.org/web/*/http://www.hud.gov:80/fairhousing,2002-01-21 00:00:00,2019-08-21 00:00:00
https://web.archive.org/web/*/http://www.hud.gov:80/fairhousing%20,2012-02-26 00:00:00,2019-08-21 00:00:00
https://web.archive.org/web/*/http://www.hud.gov:80/fairhousing%E2%80%8E,2014-03-27 00:00:00,2019-08-21 00:00:00
https://web.archive.org/web/*/http://www.hud.gov:80/faqs/faqbuying.cfm,2001-02-04 00:00:00,2019-08-21 00:00:00
https://web.archive.org/web/*/http://www.hud.gov:80/faqs/faqbuying.cfm?&lang=en,2003-04-04 00:00:00,2019-08-21 00:00:00
https://web.archive.org/web/*/http://www.hud.gov:80/faqs/faqconsumer.cfm,2001-04-13 00:00:00,2019-08-21 00:00:00
https://web.archive.org/web/*/http://www.hud.gov:80/faqs/faqforeclose.cfm,2002-12-19 00:00:00,2019-08-21 00:00:00
https://web.archive.org/web/*/http://www.hud.gov:80/faqs/faqhomebuy.cfm,2002-12-19 00:00:00,2019-08-21 00:00:00
https://web.archive.org/web/*/http://www.hud.gov:80/faqs/faqrenting.cfm,2001-02-08 00:00:00,2019-08-21 00:00:00
https://web.archive.org/web/*/http://www.hud.gov:80/fathersday,2016-05-02 00:00:00,2019-08-21 00:00:00
https://web.archive.org/web/*/http://www.hud.gov:80/fathersday2012,2012-06-24 00:00:00,2019-08-21 00:00:00
https://web.archive.org/web/*/http://www.hud.gov:80/fedcolni.html,1998-02-09 00:00:00,2019-08-21 00:00:00
https://web.archive.org/web/*/http://www.hud.gov:80/fha/choosefha.cfm,2006-01-14 00:00:00,2019-08-21 00:00:00
https://web.archive.org/web/*/http://www.hud.gov:80/fha/comp/refunds/fharefun.html,1999-05-02 00:00:00,2019-08-21 00:00:00
https://web.archive.org/web/*/http://www.hud.gov:80/fha/comp/refunds/page1.html,1999-10-04 00:00:00,2019-08-21 00:00:00
https://web.archive.org/web/*/http://www.hud.gov:80/fha/sfh/203k/203kabou.html,2000-08-16 00:00:00,2019-08-21 00:00:00
https://web.archive.org/web/*/http://www.hud.gov:80/fha/sfh/203k/203kmenu.html,1998-12-06 00:00:00,2019-08-21 00:00:00
https://web.archive.org/web/*/http://www.hud.gov:80/fha/sfh/203k/sfhreha2.html,1998-12-02 00:00:00,2019-08-21 00:00:00
https://web.archive.org/web/*/http://www.hud.gov:80/fha/sfh/203k/sfhrehab.html,2000-08-15 00:00:00,2019-08-21 00:00:00
https://web.archive.org/web/*/http://www.hud.gov:80/fha/sfh/203kmenu.html,2000-08-16 00:00:00,2019-08-21 00:00:00
https://web.archive.org/web/*/http://www.hud.gov:80/fha/sfh/buying/buyhm.html,2000-08-15 00:00:00,2019-08-21 00:00:00
https://web.archive.org/web/*/http://www.hud.gov:80/fha/sfh/buying/glossary.html,2000-08-16 00:00:00,2019-08-21 00:00:00
https://web.archive.org/web/*/http://www.hud.gov:80/fha/sfh/buying/protect.html,2000-08-15 00:00:00,2019-08-21 00:00:00
https://web.archive.org/web/*/http://www.hud.gov:80/fha/sfh/mps/mpshome.html,1999-02-21 00:00:00,2019-08-21 00:00:00
https://web.archive.org/web/*/http://www.hud.gov:80/fha/sfh/res/resborwr.html,2000-03-04 00:00:00,2019-08-21 00:00:00
https://web.archive.org/web/*/http://www.hud.gov:80/fha/sfh/res/respa_hm.html,1999-05-08 00:00:00,2019-08-21 00:00:00
https://web.archive.org/web/*/http://www.hud.gov:80/fha/sfh/res/respamor.html,2000-08-16 00:00:00,2019-08-21 00:00:00
https://web.archive.org/web/*/http://www.hud.gov:80/fha/sfh/res/sfhrestc.html,1999-05-08 00:00:00,2019-08-21 00:00:00
https://web.archive.org/web/*/http://www.hud.gov:80/fha/sfh/sf_home.html,2000-08-15 00:00:00,2019-08-21 00:00:00
https://web.archive.org/web/*/http://www.hud.gov:80/fha/sfh/talk/addr_den.html,2001-01-22 00:00:00,2019-08-21 00:00:00
https://web.archive.org/web/*/http://www.hud.gov:80/fhaloansales,2006-03-13 00:00:00,2019-08-21 00:00:00
https://web.archive.org/web/*/http://www.hud.gov:80/fhe/504/504complaint.html,2001-06-18 00:00:00,2019-08-21 00:00:00
https://web.archive.org/web/*/http://www.hud.gov:80/fhe/504/sect504rights.html,2001-02-23 00:00:00,2019-08-21 00:00:00
https://web.archive.org/web/*/http://www.hud.gov:80/fhe/fhehous.html,1999-10-09 00:00:00,2019-08-21 00:00:00
https://web.archive.org/web/*/http://www.hud.gov:80/fhe/fheo.html.,2002-04-17 00:00:00,2019-08-21 00:00:00
https://web.archive.org/web/*/http://www.hud.gov:80/fhe/modelcodes,1999-11-29 00:00:00,2019-08-21 00:00:00
https://web.archive.org/web/*/http://www.hud.gov:80/fhe/sec3over.html,1999-01-28 00:00:00,2019-08-21 00:00:00
https://web.archive.org/web/*/http://www.hud.gov:80/fheo.cfm,2001-02-08 00:00:00,2019-08-21 00:00:00
https://web.archive.org/web/*/http://www.hud.gov:80/fheo.html,1998-12-05 00:00:00,2019-08-21 00:00:00
https://web.archive.org/web/*/http://www.hud.gov:80/fheopredatorylending,2009-09-05 00:00:00,2019-08-21 00:00:00
https://web.archive.org/web/*/http://www.hud.gov:80/finanbf.cfm,2001-02-10 00:00:00,2019-08-21 00:00:00
https://web.archive.org/web/*/http://www.hud.gov:80/florida,2006-02-07 00:00:00,2019-08-21 00:00:00
https://web.archive.org/web/*/http://www.hud.gov:80/foreclosure,2001-03-21 00:00:00,2019-08-21 00:00:00
https://web.archive.org/web/*/http://www.hud.gov:80/foreclosure/faqs.cfm,2008-10-12 00:00:00,2019-08-21 00:00:00
https://web.archive.org/web/*/http://www.hud.gov:80/foreclosure/fctimeline.cfm,2008-10-11 00:00:00,2019-08-21 00:00:00
https://web.archive.org/web/*/http://www.hud.gov:80/foreclosure/foreclosureprocess.cfm,2008-10-14 00:00:00,2019-08-21 00:00:00
https://web.archive.org/web/*/http://www.hud.gov:80/foreclosure/foreclosuretips.cfm,2008-10-11 00:00:00,2019-08-21 00:00:00
https://web.archive.org/web/*/http://www.hud.gov:80/foreclosure/index.cfm,2001-01-25 00:00:00,2019-08-21 00:00:00
https://web.archive.org/web/*/http://www.hud.gov:80/foreclosure/index.cfm?&lang=en,2003-04-04 00:00:00,2019-08-21 00:00:00
https://web.archive.org/web/*/http://www.hud.gov:80/foreclosure/index.cfm?p=Homepath&s=Resources&t=HUD--Tips+for+Avoiding+Foreclosure,2009-04-16 00:00:00,2019-08-21 00:00:00
https://web.archive.org/web/*/http://www.hud.gov:80/foreclosure/local.cfm,2007-12-15 00:00:00,2019-08-21 00:00:00
https://web.archive.org/web/*/http://www.hud.gov:80/foreclosure/redemption.cfm,2008-10-12 00:00:00,2019-08-21 00:00:00
https://web.archive.org/web/*/http://www.hud.gov:80/foreclosure/relocation.cfm,2008-10-15 00:00:00,2019-08-21 00:00:00
https://web.archive.org/web/*/http://www.hud.gov:80/foreclosure/workingwithlenders.cfm,2008-10-11 00:00:00,2019-08-21 00:00:00
https://web.archive.org/web/*/http://www.hud.gov:80/forms,1998-12-01 00:00:00,2019-08-21 00:00:00
https://web.archive.org/web/*/http://www.hud.gov:80/funds/,2001-02-20 00:00:00,2019-08-21 00:00:00
https://web.archive.org/web/*/http://www.hud.gov:80/funds/healthcarefacility.cfm,2001-02-07 00:00:00,2019-08-21 00:00:00
https://web.archive.org/web/*/http://www.hud.gov:80/funds/index.cfm,2001-06-14 00:00:00,2019-08-21 00:00:00
https://web.archive.org/web/*/http://www.hud.gov:80/funds/index.cfm?&lang=en,2003-06-05 00:00:00,2019-08-21 00:00:00
https://web.archive.org/web/*/http://www.hud.gov:80/funds/singlefamily.cfm,2001-02-07 00:00:00,2019-08-21 00:00:00
https://web.archive.org/web/*/http://www.hud.gov:80/fy2013budget,2012-02-17 00:00:00,2019-08-21 00:00:00
https://web.archive.org/web/*/http://www.hud.gov:80/fy2014budget,2013-04-19 00:00:00,2019-08-21 00:00:00
https://web.archive.org/web/*/http://www.hud.gov:80/georgia,2004-06-30 00:00:00,2019-08-21 00:00:00
https://web.archive.org/web/*/http://www.hud.gov:80/goodneighbor,2000-06-19 00:00:00,2019-08-21 00:00:00
https://web.archive.org/web/*/http://www.hud.gov:80/goodneighbor/dollarhomes/dhmabout.html,2000-08-16 00:00:00,2019-08-21 00:00:00
https://web.archive.org/web/*/http://www.hud.gov:80/goodneighbor/nonprofitsales/index.html,2000-08-15 00:00:00,2019-08-21 00:00:00
https://web.archive.org/web/*/http://www.hud.gov:80/grants/,2001-03-03 00:00:00,2019-08-21 00:00:00
https://web.archive.org/web/*/http://www.hud.gov:80/grants/index.cfm,2001-01-26 00:00:00,2019-08-21 00:00:00
https://web.archive.org/web/*/http://www.hud.gov:80/grants/index.cfm?&lang=en,2003-06-05 00:00:00,2019-08-21 00:00:00
https://web.archive.org/web/*/http://www.hud.gov:80/groups/,2001-07-30 00:00:00,2019-08-21 00:00:00
https://web.archive.org/web/*/http://www.hud.gov:80/groups/appraisers.cfm,2001-02-05 00:00:00,2019-08-21 00:00:00
https://web.archive.org/web/*/http://www.hud.gov:80/groups/appraisers.cfm?&lang=en,2003-04-14 00:00:00,2019-08-21 00:00:00
https://web.archive.org/web/*/http://www.hud.gov:80/groups/appraisers.cfm?lang=en,2002-06-01 00:00:00,2019-08-21 00:00:00
https://web.archive.org/web/*/http://www.hud.gov:80/groups/brokers.cfm,2001-02-02 00:00:00,2019-08-21 00:00:00
https://web.archive.org/web/*/http://www.hud.gov:80/groups/brokers.cfm?&lang=en,2003-06-22 00:00:00,2019-08-21 00:00:00
https://web.archive.org/web/*/http://www.hud.gov:80/groups/disabilities.cfm,2001-02-02 00:00:00,2019-08-21 00:00:00
https://web.archive.org/web/*/http://www.hud.gov:80/groups/disabilities.cfm?&lang=en,2003-08-04 00:00:00,2019-08-21 00:00:00
https://web.archive.org/web/*/http://www.hud.gov:80/groups/fairhousing.cfm,2001-02-02 00:00:00,2019-08-21 00:00:00
https://web.archive.org/web/*/http://www.hud.gov:80/groups/fairhousing.cfm?&lang=en,2003-06-08 00:00:00,2019-08-21 00:00:00
https://web.archive.org/web/*/http://www.hud.gov:80/groups/grantees.cfm,2001-02-02 00:00:00,2019-08-21 00:00:00
https://web.archive.org/web/*/http://www.hud.gov:80/groups/grantees.cfm?&lang=en,2003-04-14 00:00:00,2019-08-21 00:00:00
https://web.archive.org/web/*/http://www.hud.gov:80/groups/healthcare.cfm,2001-02-02 00:00:00,2019-08-21 00:00:00
https://web.archive.org/web/*/http://www.hud.gov:80/groups/investors.cfm?&lang=en,2003-12-08 00:00:00,2019-08-21 00:00:00
https://web.archive.org/web/*/http://www.hud.gov:80/groups/landlords.cfm,2001-02-02 00:00:00,2019-08-21 00:00:00
https://web.archive.org/web/*/http://www.hud.gov:80/groups/landlords.cfm?&lang=en,2003-04-14 00:00:00,2019-08-21 00:00:00
https://web.archive.org/web/*/http://www.hud.gov:80/groups/legal.cfm,2004-06-23 00:00:00,2019-08-21 00:00:00
https://web.archive.org/web/*/http://www.hud.gov:80/groups/lenders.cfm,2001-01-25 00:00:00,2019-08-21 00:00:00
https://web.archive.org/web/*/http://www.hud.gov:80/groups/lenders.cfm?&lang=en,2003-04-14 00:00:00,2019-08-21 00:00:00
https://web.archive.org/web/*/http://www.hud.gov:80/groups/localhomerepair.cfm,2006-08-19 00:00:00,2019-08-21 00:00:00
https://web.archive.org/web/*/http://www.hud.gov:80/groups/multifamily.cfm,2001-02-02 00:00:00,2019-08-21 00:00:00
https://web.archive.org/web/*/http://www.hud.gov:80/groups/multifamily.cfm?&lang=en,2003-04-14 00:00:00,2019-08-21 00:00:00
https://web.archive.org/web/*/http://www.hud.gov:80/groups/nativeamericans.cfm,2001-02-02 00:00:00,2019-08-21 00:00:00
https://web.archive.org/web/*/http://www.hud.gov:80/groups/nativeamericans.cfm/?&lang=en,2003-05-24 00:00:00,2019-08-21 00:00:00
https://web.archive.org/web/*/http://www.hud.gov:80/groups/officials.cfm?&lang=en,2003-04-13 00:00:00,2019-08-21 00:00:00
https://web.archive.org/web/*/http://www.hud.gov:80/groups/phastribes.cfm,2001-01-25 00:00:00,2019-08-21 00:00:00
https://web.archive.org/web/*/http://www.hud.gov:80/groups/phastribes.cfm?&lang=en,2003-06-20 00:00:00,2019-08-21 00:00:00
https://web.archive.org/web/*/http://www.hud.gov:80/groups/seniors.cfm,2001-06-14 00:00:00,2019-08-21 00:00:00
https://web.archive.org/web/*/http://www.hud.gov:80/groups/seniors.cfm?&lang=en,2003-04-14 00:00:00,2019-08-21 00:00:00
https://web.archive.org/web/*/http://www.hud.gov:80/groups/smallbusiness.cfm,2001-02-02 00:00:00,2019-08-21 00:00:00
https://web.archive.org/web/*/http://www.hud.gov:80/groups/students.cfm,2001-02-02 00:00:00,2019-08-21 00:00:00
https://web.archive.org/web/*/http://www.hud.gov:80/groups/students.cfm?&lang=en,2003-04-13 00:00:00,2019-08-21 00:00:00
https://web.archive.org/web/*/http://www.hud.gov:80/groups/tenants.cfm,2001-02-02 00:00:00,2019-08-21 00:00:00
https://web.archive.org/web/*/http://www.hud.gov:80/groups/tenants.cfm?&lang=en,2003-04-13 00:00:00,2019-08-21 00:00:00
https://web.archive.org/web/*/http://www.hud.gov:80/gse,2000-04-08 00:00:00,2019-08-21 00:00:00
https://web.archive.org/web/*/http://www.hud.gov:80/hawaii,2003-07-11 00:00:00,2019-08-21 00:00:00
https://web.archive.org/web/*/http://www.hud.gov:80/hdiscrim.html,1998-02-09 00:00:00,2019-08-21 00:00:00
https://web.archive.org/web/*/http://www.hud.gov:80/healthcare,2012-07-26 00:00:00,2019-08-21 00:00:00
https://web.archive.org/web/*/http://www.hud.gov:80/healthy/index.cfm,2001-12-20 00:00:00,2019-08-21 00:00:00
https://web.archive.org/web/*/http://www.hud.gov:80/healthy/mainmenu.html,1999-04-21 00:00:00,2019-08-21 00:00:00
https://web.archive.org/web/*/http://www.hud.gov:80/healthy/safehome.html,1999-01-28 00:00:00,2019-08-21 00:00:00
https://web.archive.org/web/*/http://www.hud.gov:80/healthyhomes,2004-04-21 00:00:00,2019-08-21 00:00:00
https://web.archive.org/web/*/http://www.hud.gov:80/hhchild.html,1999-01-28 00:00:00,2019-08-21 00:00:00
https://web.archive.org/web/*/http://www.hud.gov:80/hoc/sna/snanfpap.html,1999-05-07 00:00:00,2019-08-21 00:00:00
https://web.archive.org/web/*/http://www.hud.gov:80/hoc/sna/snatftht.html,1999-02-24 00:00:00,2019-08-21 00:00:00
https://web.archive.org/web/*/http://www.hud.gov:80/homeless,2002-04-18 00:00:00,2019-08-21 00:00:00
https://web.archive.org/web/*/http://www.hud.gov:80/homeless/definition.cfm,2007-10-22 00:00:00,2019-08-21 00:00:00
https://web.archive.org/web/*/http://www.hud.gov:80/homeless/fedprog.cfm,2001-06-24 00:00:00,2019-08-21 00:00:00
https://web.archive.org/web/*/http://www.hud.gov:80/homeless/hmasist1.cfm,2002-04-16 00:00:00,2019-08-21 00:00:00
https://web.archive.org/web/*/http://www.hud.gov:80/homeless/hmlsagen.cfm,2002-03-21 00:00:00,2019-08-21 00:00:00
https://web.archive.org/web/*/http://www.hud.gov:80/homeless/index.cfm,2001-02-04 00:00:00,2019-08-21 00:00:00
https://web.archive.org/web/*/http://www.hud.gov:80/homeless/index.cfm?&lang=en,2003-04-16 00:00:00,2019-08-21 00:00:00
https://web.archive.org/web/*/http://www.hud.gov:80/homeless/index.cfm?lang=en,2002-04-18 00:00:00,2019-08-21 00:00:00
https://web.archive.org/web/*/http://www.hud.gov:80/homelesscount,2011-01-26 00:00:00,2019-08-21 00:00:00
https://web.archive.org/web/*/http://www.hud.gov:80/homeownership,2002-10-06 00:00:00,2019-08-21 00:00:00
https://web.archive.org/web/*/http://www.hud.gov:80/homeprogram/,2004-06-25 00:00:00,2019-08-21 00:00:00
https://web.archive.org/web/*/http://www.hud.gov:80/homes/,2001-01-27 00:00:00,2019-08-21 00:00:00
https://web.archive.org/web/*/http://www.hud.gov:80/homes/building.cfm,2006-06-15 00:00:00,2019-08-21 00:00:00
https://web.archive.org/web/*/http://www.hud.gov:80/homes/homesforsale.cfm,2001-02-05 00:00:00,2019-08-21 00:00:00
https://web.archive.org/web/*/http://www.hud.gov:80/homes/homesforsale.cfm?&lang=en,2003-04-13 00:00:00,2019-08-21 00:00:00
https://web.archive.org/web/*/http://www.hud.gov:80/homes/index.cfm,2001-01-25 00:00:00,2019-08-21 00:00:00
https://web.archive.org/web/*/http://www.hud.gov:80/homes/index.cfm?&lang=en,2003-08-18 00:00:00,2019-08-21 00:00:00
https://web.archive.org/web/*/http://www.hud.gov:80/homes/manufactured.cfm,2006-02-08 00:00:00,2019-08-21 00:00:00
https://web.archive.org/web/*/http://www.hud.gov:80/hopeforhomeowners/,2008-10-05 00:00:00,2019-08-21 00:00:00
https://web.archive.org/web/*/http://www.hud.gov:80/hopeforhomeowners/consumerfactsheet.cfm,2008-10-04 00:00:00,2019-08-21 00:00:00
https://web.archive.org/web/*/http://www.hud.gov:80/hopeforhomeowners/index.cfm,2008-10-03 00:00:00,2019-08-21 00:00:00
https://web.archive.org/web/*/http://www.hud.gov:80/housingcounseling,2015-01-02 00:00:00,2019-08-21 00:00:00
https://web.archive.org/web/*/http://www.hud.gov:80/hudclips,2008-01-09 00:00:00,2019-08-21 00:00:00
https://web.archive.org/web/*/http://www.hud.gov:80/hudvet/,1999-02-23 00:00:00,2019-08-21 00:00:00
https://web.archive.org/web/*/http://www.hud.gov:80/idaho,2003-02-24 00:00:00,2019-08-21 00:00:00
https://web.archive.org/web/*/http://www2.hud.gov:80/cdc.html,1998-12-05 00:00:00,2019-07-12 00:00:00
https://web.archive.org/web/*/http://www2.hud.gov:80/enforce/ecindex.html,1998-12-03 00:00:00,2017-09-16 00:00:00
https://web.archive.org/web/*/http://www2.hud.gov:80/gpra/gnma.html,1999-02-20 00:00:00,2014-09-28 00:00:00
https://web.archive.org/web/*/http://www2.hud.gov:80/gpra/ogc.html,1999-02-20 00:00:00,2015-08-01 00:00:00
https://web.archive.org/web/*/https://www.hud.gov/emarc/index.cfm?fuseaction=emar.registrationNotOpenError&eventid=1177,2017-01-01 00:00:00,2019-08-21 00:00:00
https://web.archive.org/web/*/https://www11.hud.gov/HUD_Systems,2005-09-07 00:00:00,2015-06-26 00:00:00
https://web.archive.org/web/*/https://www11.hud.gov/HUD_Systems/index.cfm,2005-09-07 00:00:00,2013-02-20 00:00:00
https://web.archive.org/web/*/https://www21.hud.gov/idis,2010-05-27 00:00:00,2013-09-14 00:00:00
https://web.archive.org/web/*/https://www5.hud.gov/Ecomplaints,2010-05-27 00:00:00,2015-09-26 00:00:00
https://web.archive.org/web/*/https://www5.hud.gov/Ecomplaints/Logins/PagLogin.jsp,2010-05-27 00:00:00,2015-09-27 00:00:00
https://web.archive.org/web/*/https://www5.hud.gov/ecpcis,2010-05-27 00:00:00,2019-08-21 00:00:00
https://web.archive.org/web/*/https://www5.hud.gov/ecpcis/index.jsp,2010-05-27 00:00:00,2019-08-21 00:00:00
https://web.archive.org/web/*/https://www5.hud.gov/Ecpcis/main/ECPCIS_List,2006-09-26 00:00:00,2019-08-21 00:00:00
https://web.archive.org/web/*/https://www5.hud.gov/ecpcis/main/ECPCIS_List.jsp,2010-05-27 00:00:00,2019-08-21 00:00:00
https://web.archive.org/web/*/https://www5.hud.gov/Ecpcis/main/ECPCIS_List/index.jsp,2017-01-17 00:00:00,2019-08-21 00:00:00
https://web.archive.org/web/*/https://www5.hud.gov/Ecpcis/main/ECPCIS_List/main/ECPCIS_List.jsp,2017-01-17 00:00:00,2019-08-21 00:00:00
https://web.archive.org/web/*/https://www5.hud.gov/Ecpcis/main/ECPCIS_List/main/Help.html,2017-01-17 00:00:00,2019-08-21 00:00:00
https://web.archive.org/web/*/https://www5.hud.gov/ecpcis/main/Help.html,2010-05-27 00:00:00,2019-08-21 00:00:00
https://web.archive.org/web/*/https://www5.hud.gov/FHALender/,2013-03-16 00:00:00,2019-08-21 00:00:00
https://web.archive.org/web/*/https://www5.hud.gov/FHALender/fhalogin.jsp,2013-03-16 00:00:00,2019-08-21 00:00:00
https://web.archive.org/web/*/https://www5.hud.gov/FHALender/FHAStore,2013-03-16 00:00:00,2019-08-21 00:00:00
https://web.archive.org/web/*/https://www5.hud.gov/FHALender/FHAUploadServlet,2013-03-16 00:00:00,2019-08-21 00:00:00
https://web.archive.org/web/*/https://www5.hud.gov/FHALender/Online/page_address.jsp,2013-03-16 00:00:00,2019-08-21 00:00:00
https://web.archive.org/web/*/https://www5.hud.gov/FHALender/Online/page_address.jsp?edit=1,2013-03-16 00:00:00,2019-08-21 00:00:00
https://web.archive.org/web/*/https://www5.hud.gov/FHALender/Online/page_already_registered_question.jsp,2013-03-16 00:00:00,2019-08-21 00:00:00
https://web.archive.org/web/*/https://www5.hud.gov/FHALender/Online/page_certification.jsp,2013-03-16 00:00:00,2019-08-21 00:00:00
https://web.archive.org/web/*/https://www5.hud.gov/FHALender/Online/page_contacts.jsp,2013-03-16 00:00:00,2019-08-21 00:00:00
https://web.archive.org/web/*/https://www5.hud.gov/FHALender/Online/page_contacts.jsp?edit=1,2013-03-16 00:00:00,2019-08-21 00:00:00
https://web.archive.org/web/*/https://www5.hud.gov/FHALender/Online/page_conversion.jsp,2013-03-16 00:00:00,2019-08-21 00:00:00
https://web.archive.org/web/*/https://www5.hud.gov/FHALender/Online/page_conversion.jsp?edit=1,2013-03-16 00:00:00,2019-08-21 00:00:00
https://web.archive.org/web/*/https://www5.hud.gov/FHALender/Online/page_conversion_upload.jsp,2013-03-16 00:00:00,2019-08-21 00:00:00
https://web.archive.org/web/*/https://www5.hud.gov/FHALender/Online/page_general_info.jsp,2013-03-16 00:00:00,2019-08-21 00:00:00
https://web.archive.org/web/*/https://www5.hud.gov/FHALender/Online/page_general_info.jsp?edit=1,2013-03-16 00:00:00,2019-08-21 00:00:00
https://web.archive.org/web/*/https://www5.hud.gov/FHALender/Online/page_history_business_status.jsp,2013-03-16 00:00:00,2019-08-21 00:00:00
https://web.archive.org/web/*/https://www5.hud.gov/FHALender/Online/page_history_business_status.jsp?edit=1,2013-03-16 00:00:00,2019-08-21 00:00:00
https://web.archive.org/web/*/https://www5.hud.gov/FHALender/Online/page_individual.jsp,2013-03-16 00:00:00,2019-08-21 00:00:00
https://web.archive.org/web/*/https://www5.hud.gov/FHALender/Online/page_individual.jsp?edit=1,2013-03-16 00:00:00,2019-08-21 00:00:00
https://web.archive.org/web/*/https://www5.hud.gov/FHALender/Online/page_initial_type.jsp,2013-03-16 00:00:00,2019-08-21 00:00:00
https://web.archive.org/web/*/https://www5.hud.gov/FHALender/Online/page_items_to_submit.jsp,2013-03-16 00:00:00,2019-08-21 00:00:00
https://web.archive.org/web/*/https://www5.hud.gov/FHALender/Online/page_items_to_submit.jsp?edit=1,2013-03-16 00:00:00,2019-08-21 00:00:00
https://web.archive.org/web/*/https://www5.hud.gov/FHALender/Online/page_login.jsp,2013-03-16 00:00:00,2019-08-21 00:00:00
https://web.archive.org/web/*/https://www5.hud.gov/FHALender/Online/page_logout.jsp,2013-03-16 00:00:00,2019-08-21 00:00:00
https://web.archive.org/web/*/https://www5.hud.gov/FHALender/Online/page_new_upload.jsp,2013-03-16 00:00:00,2019-08-21 00:00:00
https://web.archive.org/web/*/https://www5.hud.gov/FHALender/Online/page_new_upload.jsp?edit=1,2013-03-16 00:00:00,2019-08-21 00:00:00
https://web.archive.org/web/*/https://www5.hud.gov/FHALender/Online/page_officers.jsp,2013-03-16 00:00:00,2019-08-21 00:00:00
https://web.archive.org/web/*/https://www5.hud.gov/FHALender/Online/page_payment_initial.jsp,2013-03-16 00:00:00,2019-08-21 00:00:00
https://web.archive.org/web/*/https://www5.hud.gov/FHALender/Online/page_signature.jsp,2013-03-16 00:00:00,2019-08-21 00:00:00
https://web.archive.org/web/*/https://www5.hud.gov/FHALender/Online/page_summary.jsp,2013-03-16 00:00:00,2019-08-21 00:00:00
https://web.archive.org/web/*/https://www5.hud.gov/FHALender/Online/page_summary_conversion.jsp,2013-03-16 00:00:00,2019-08-21 00:00:00
https://web.archive.org/web/*/https://www5.hud.gov/Hud903/main/pagHUD903Form.jsp,2009-01-17 00:00:00,2019-08-21 00:00:00
