id,department
1,U.S. Department of Veterans Affairs
2,U.S. Department of Veterans Affairs
3,U.S. Department of Health and Human Services
4,U.S. Department of Health and Human Services
5,U.S. Department of Health and Human Services
6,U.S. Department of Education
7,U.S. Department of Education
8,U.S. Department of Health and Human Services
9,U.S. Department of Health and Human Services
10,U.S. Department of Health and Human Services
11,U.S. Department of Health and Human Services
12,U.S. Department of Health and Human Services
13,U.S. Department of Health and Human Services
14,U.S. Department of Health and Human Services
15,U.S. Department of Health and Human Services
16,U.S. Department of Justice
17,U.S. Department of Justice
18,U.S. Department of Health and Human Services
19,U.S. Department of Health and Human Services
20,U.S. Department of Health and Human Services
21,U.S. Department of Health and Human Services
22,U.S. Department of Justice
23,U.S. Department of Health and Human Services
24,U.S. Department of State
25,U.S. Department of State
26,U.S. Department of Health and Human Services
27,U.S. Department of Justice
28,U.S. Department of Veterans Affairs
29,U.S. Department of Veterans Affairs
30,U.S. Department of Veterans Affairs
31,U.S. Department of Health and Human Services
32,U.S. Department of Health and Human Services
33,U.S. Department of Health and Human Services
34,U.S. Department of Health and Human Services
35,U.S. Department of Health and Human Services
36,U.S. Department of Health and Human Services
37,U.S. Department of Health and Human Services
38,U.S. Department of Health and Human Services
39,U.S. Department of Health and Human Services
40,U.S. Department of Health and Human Services
41,U.S. Department of Health and Human Services
42,U.S. Department of Health and Human Services
43,U.S. Department of Health and Human Services
44,U.S. Department of Health and Human Services
45,U.S. Department of Health and Human Services
46,U.S. Department of Health and Human Services
47,U.S. Department of Health and Human Services
48,U.S. Department of Health and Human Services
49,U.S. Department of Health and Human Services
50,U.S. Department of Health and Human Services
51,U.S. Department of Health and Human Services
52,U.S. Department of Health and Human Services
53,U.S. Department of Health and Human Services
54,U.S. Department of Health and Human Services
55,U.S. Department of Health and Human Services
56,U.S. Department of Health and Human Services
57,U.S. Department of Health and Human Services
58,U.S. Department of Health and Human Services
59,U.S. Department of Health and Human Services
60,U.S. Department of Health and Human Services
61,U.S. Department of Health and Human Services
62,U.S. Department of Health and Human Services
63,U.S. Department of Health and Human Services
64,U.S. Department of Health and Human Services
65,U.S. Department of Health and Human Services
66,U.S. Department of Health and Human Services
67,U.S. Department of Health and Human Services
68,U.S. Department of Health and Human Services
69,U.S. Department of Health and Human Services
70,U.S. Department of Health and Human Services
71,U.S. Department of Health and Human Services
72,U.S. Department of Health and Human Services
73,U.S. Department of Health and Human Services
74,U.S. Department of Health and Human Services
75,U.S. Department of Health and Human Services
76,U.S. Department of Health and Human Services
77,U.S. Department of Health and Human Services
78,U.S. Department of Veterans Affairs
79,U.S. Department of Defense
80,U.S. Department of Defense
81,U.S. Department of Veterans Affairs
82,U.S. Department of Veterans Affairs
83,U.S. Department of Labor
84,U.S. Department of Labor
85,U.S. Department of Health and Human Services
86,U.S. Department of Health and Human Services
87,U.S. Department of Health and Human Services
88,U.S. Department of Health and Human Services
89,U.S. Department of Health and Human Services
90,U.S. Department of Health and Human Services
91,U.S. Department of Health and Human Services
92,U.S. Department of Health and Human Services
93,U.S. Department of Health and Human Services
94,U.S. Department of Health and Human Services
95,U.S. Department of Health and Human Services
96,U.S. Department of Health and Human Services
97,U.S. Department of Health and Human Services
98,U.S. Department of Health and Human Services
99,U.S. Department of Health and Human Services
100,U.S. Department of Health and Human Services
101,U.S. Equal Employment Opportunity Commission
102,U.S. Equal Employment Opportunity Commission
103,U.S. Equal Employment Opportunity Commission
104,U.S. Equal Employment Opportunity Commission
105,U.S. Department of Health and Human Services
106,U.S. Department of Health and Human Services
107,U.S. Department of Health and Human Services
108,U.S. Department of Health and Human Services
109,U.S. Department of Health and Human Services
110,U.S. Department of Health and Human Services
111,U.S. Department of Health and Human Services
112,U.S. Department of Health and Human Services
113,U.S. Department of Health and Human Services
114,U.S. Department of Health and Human Services
115,U.S. Department of Health and Human Services
116,U.S. Department of Health and Human Services
117,U.S. Department of Health and Human Services
118,U.S. Department of Health and Human Services
119,U.S. Department of Health and Human Services
120,U.S. Department of Health and Human Services
121,U.S. Department of Health and Human Services
122,U.S. Department of Health and Human Services
123,U.S. Department of Health and Human Services
124,U.S. Department of Health and Human Services
125,U.S. Department of Health and Human Services
126,U.S. Department of Health and Human Services
127,U.S. Department of Health and Human Services
128,U.S. Department of Health and Human Services
129,U.S. Department of Veterans Affairs
130,U.S. Department of Housing and Urban Development 
131,U.S. Department of Housing and Urban Development 
132,U.S. Department of Housing and Urban Development 
133,U.S. Department of Housing and Urban Development 
134,U.S. Department of Health and Human Services
135,U.S. Department of Health and Human Services
136,U.S. Department of Health and Human Services
137,U.S. Department of Health and Human Services
138,U.S. Department of Health and Human Services
139,U.S. Department of Health and Human Services
140,U.S. Department of Health and Human Services
141,U.S. Department of Veterans Affairs
142,U.S. Department of Veterans Affairs
143,U.S. Department of Veterans Affairs
144,U.S. Department of Veterans Affairs
145,U.S. Department of Veterans Affairs
146,National Aeronautics and Space Administration
147,National Aeronautics and Space Administration
148,U.S. Department of Health and Human Services
149,U.S. Department of Health and Human Services
150,U.S. Department of Health and Human Services
151,U.S. Department of Health and Human Services
152,U.S. Department of Health and Human Services
153,U.S. Department of Health and Human Services
154,U.S. Department of Health and Human Services
155,U.S. Department of Health and Human Services
156,U.S. Department of Health and Human Services
157,U.S. Department of Health and Human Services
158,U.S. Department of Health and Human Services
159,U.S. Department of Health and Human Services
160,U.S. Department of Health and Human Services
161,U.S. Department of Health and Human Services
162,U.S. Department of Health and Human Services
163,U.S. Department of Health and Human Services
164,U.S. Department of Health and Human Services
165,U.S. Department of Health and Human Services
166,U.S. Department of Health and Human Services
167,U.S. Department of Health and Human Services
168,U.S. Department of Health and Human Services
169,U.S. Department of Health and Human Services
170,U.S. Department of Health and Human Services
171,U.S. Department of Health and Human Services
172,U.S. Department of Health and Human Services
173,U.S. Department of Health and Human Services
174,U.S. Department of Health and Human Services
175,U.S. Department of Health and Human Services
176,U.S. Department of Health and Human Services
177,U.S. Department of Health and Human Services
178,U.S. Department of Health and Human Services
179,U.S. Department of Health and Human Services
180,U.S. Department of Health and Human Services
181,U.S. Department of Health and Human Services
182,U.S. Department of Health and Human Services
183,U.S. Department of Health and Human Services
184,U.S. Department of Health and Human Services
185,U.S. Department of Health and Human Services
186,U.S. Department of Health and Human Services
187,U.S. Department of Health and Human Services
188,U.S. Department of Health and Human Services
189,U.S. Department of Health and Human Services
190,U.S. Department of Health and Human Services
191,U.S. Department of Health and Human Services
192,U.S. Department of Health and Human Services
193,U.S. Department of Health and Human Services
194,U.S. Department of Health and Human Services
195,U.S. Department of Health and Human Services
196,U.S. Department of Health and Human Services
197,U.S. Department of Health and Human Services
198,U.S. Department of Health and Human Services
199,U.S. Department of Health and Human Services
200,U.S. Department of Health and Human Services
201,U.S. Department of Health and Human Services
202,U.S. Department of Health and Human Services
203,U.S. Department of Health and Human Services
204,U.S. Department of Health and Human Services
205,U.S. Department of Health and Human Services
206,U.S. Department of Health and Human Services
207,U.S. Department of Health and Human Services
208,U.S. Department of Health and Human Services
209,U.S. Department of Health and Human Services
210,U.S. Department of Health and Human Services
211,U.S. Department of Health and Human Services
212,U.S. Department of Health and Human Services
213,U.S. Department of Health and Human Services
214,U.S. Department of Health and Human Services
215,U.S. Department of Health and Human Services
216,U.S. Department of Health and Human Services
217,U.S. Department of Health and Human Services
218,U.S. Department of Health and Human Services
219,U.S. Department of Health and Human Services
220,U.S. Department of Health and Human Services
221,U.S. Department of Veterans Affairs
222,U.S. Department of the Interior
223,U.S. Department of the Interior
224,U.S. Department of the Interior
225,U.S. Department of the Interior
226,U.S. Department of the Interior
227,U.S. Department of the Interior
228,U.S. Department of the Interior
229,U.S. Department of the Interior
230,U.S. Department of the Interior
231,U.S. Department of the Interior
232,U.S. Department of the Interior
233,U.S. Department of the Interior
234,U.S. Department of the Interior
235,U.S. Department of the Interior
236,U.S. Office of Personnel Management
237,U.S. Department of Justice
238,U.S. Department of Justice
239,U.S. Department of Justice
240,U.S. Department of Justice
241,U.S. Department of Justice
242,U.S. Department of Justice
243,U.S. Department of Justice
244,U.S. Department of Justice
245,U.S. Department of Justice
246,U.S. Department of Justice
247,U.S. Department of Justice
248,U.S. Department of Justice
249,U.S. Department of Justice
250,U.S. Department of Veterans Affairs
251,U.S. Department of Veterans Affairs
252,U.S. Department of Veterans Affairs
253,U.S. Department of Veterans Affairs
254,U.S. Department of Veterans Affairs
255,U.S. Department of Veterans Affairs
256,U.S. Department of Veterans Affairs
257,Peace Corps
258,U.S. Department of Veterans Affairs
259,U.S. Department of Veterans Affairs
260,U.S. Department of Health and Human Services
261,U.S. Department of Veterans Affairs
262,U.S. Small Business Administration
263,U.S. Department of Veterans Affairs
264,U.S. Social Security Administration
265,U.S. Department of Health and Human Services
266,U.S. Department of Veterans Affairs
267,U.S. Department of Homeland Security
268,U.S. Department of Homeland Security
269,U.S. Department of Veterans Affairs
270,U.S. Department of Veterans Affairs
271,U.S. Department of Veterans Affairs
272,U.S. Department of Health and Human Services
273,U.S. Department of Health and Human Services
274,U.S. Department of Education
275,Interagency Working Group
276,Interagency Working Group
277,Interagency Working Group
278,Interagency Working Group
279,Interagency Working Group
280,Interagency Working Group
281,Interagency Working Group
282,Interagency Working Group